season,lg,player,player_id,age,team,pos,g,gs,mp_per_game,fg_per_game,fga_per_game,fg_percent,x3p_per_game,x3pa_per_game,x3p_percent,x2p_per_game,x2pa_per_game,x2p_percent,e_fg_percent,ft_per_game,fta_per_game,ft_percent,orb_per_game,drb_per_game,trb_per_game,ast_per_game,stl_per_game,blk_per_game,tov_per_game,pf_per_game,pts_per_game
2026,NBA,Precious Achiuwa,achiupr01,26.0,SAC,C,73,57.0,23.9,4.3,8.2,0.528,0.4,1.3,0.278,4.0,6.9,0.577,0.551,1.1,1.9,0.554,2.4,4.3,6.7,1.4,0.9,0.7,0.9,1.7,10.1
2026,NBA,Steven Adams,adamsst01,32.0,HOU,C,32,11.0,22.8,2.2,4.3,0.504,0.0,0.0,,2.2,4.3,0.504,0.504,1.5,2.5,0.58,4.5,4.1,8.6,1.5,0.7,0.6,1.1,1.7,5.8
2026,NBA,Bam Adebayo,adebaba01,28.0,MIA,C,73,73.0,32.4,6.9,15.7,0.442,1.7,5.5,0.318,5.2,10.2,0.509,0.497,4.5,5.8,0.778,2.0,8.0,10.0,3.2,1.2,0.7,1.6,1.7,20.1
2026,NBA,Ochai Agbaji,agbajoc01,25.0,2TM,SG,62,13.0,15.7,2.0,4.5,0.436,0.5,2.1,0.266,1.4,2.5,0.579,0.496,0.6,0.7,0.837,0.7,1.5,2.3,0.8,0.4,0.3,0.5,1.5,5.1
2026,NBA,Ochai Agbaji,agbajoc01,25.0,TOR,SG,42,13.0,15.5,1.7,4.0,0.424,0.3,1.5,0.185,1.4,2.5,0.571,0.459,0.6,0.7,0.862,0.8,1.5,2.3,0.7,0.4,0.3,0.5,1.8,4.3
2026,NBA,Ochai Agbaji,agbajoc01,25.0,BRK,SG,20,0.0,16.2,2.5,5.5,0.455,1.1,3.2,0.349,1.4,2.4,0.596,0.555,0.6,0.7,0.786,0.7,1.7,2.3,0.9,0.4,0.3,0.6,0.9,6.7
2026,NBA,Santi Aldama,aldamsa01,25.0,MEM,PF,43,11.0,27.9,5.3,11.1,0.479,1.6,4.7,0.35,3.7,6.4,0.572,0.553,1.8,2.7,0.667,1.6,5.1,6.7,2.9,0.9,0.7,1.3,1.6,14.0
2026,NBA,Nickeil Alexander-Walker,alexani01,27.0,ATL,SG,78,71.0,33.4,7.0,15.3,0.459,3.2,8.1,0.399,3.8,7.3,0.525,0.564,3.6,3.9,0.902,0.7,2.8,3.4,3.7,1.3,0.5,2.1,2.2,20.8
2026,NBA,Trey Alexander,alexatr01,22.0,NOP,SG,9,0.0,12.3,2.1,4.1,0.514,0.7,1.3,0.5,1.4,2.8,0.52,0.595,0.3,0.6,0.6,0.1,1.1,1.2,1.0,0.7,0.2,0.3,1.4,5.2
2026,NBA,Grayson Allen,allengr01,30.0,PHO,SG,51,27.0,28.8,5.3,13.1,0.403,3.1,8.9,0.349,2.2,4.2,0.519,0.522,2.8,3.3,0.857,0.7,2.3,3.0,3.8,1.4,0.3,1.6,2.3,16.5
2026,NBA,Jarrett Allen,allenja01,27.0,CLE,C,56,56.0,27.1,6.0,9.4,0.638,0.0,0.2,0.1,6.0,9.3,0.649,0.639,3.3,4.7,0.709,2.6,5.9,8.5,1.8,1.0,0.8,1.3,1.7,15.4
2026,NBA,Jose Alvarado,alvarjo01,27.0,2TM,PG,69,3.0,19.9,2.7,6.5,0.416,1.5,4.2,0.352,1.2,2.3,0.531,0.529,0.5,0.7,0.761,0.4,2.1,2.5,3.4,1.0,0.1,1.1,1.9,7.4
2026,NBA,Jose Alvarado,alvarjo01,27.0,NOP,PG,41,0.0,21.9,2.9,6.8,0.418,1.7,4.7,0.363,1.1,2.1,0.54,0.543,0.5,0.6,0.833,0.4,2.4,2.8,3.1,0.9,0.1,1.1,2.0,7.9
2026,NBA,Jose Alvarado,alvarjo01,27.0,NYK,PG,28,3.0,16.9,2.5,6.0,0.414,1.1,3.4,0.33,1.4,2.7,0.52,0.506,0.5,0.8,0.682,0.4,1.7,2.0,3.8,1.0,0.1,1.1,1.8,6.6
2026,NBA,Kyle Anderson,anderky01,32.0,3TM,SF,43,5.0,19.8,2.5,4.7,0.53,0.1,0.3,0.364,2.4,4.4,0.539,0.54,1.1,1.6,0.706,1.0,2.5,3.5,2.9,1.0,0.6,0.9,2.2,6.2
2026,NBA,Kyle Anderson,anderky01,32.0,UTA,SF,20,0.0,20.1,2.9,5.5,0.523,0.2,0.3,0.6,2.7,5.2,0.519,0.537,1.3,1.9,0.658,1.0,2.4,3.3,3.1,1.2,0.5,0.9,2.3,7.1
2026,NBA,Kyle Anderson,anderky01,32.0,MEM,SF,4,3.0,22.3,3.8,4.8,0.789,0.3,0.3,1.0,3.5,4.5,0.778,0.816,1.5,2.0,0.75,0.8,2.8,3.5,0.8,1.5,1.0,1.8,3.0,9.3
2026,NBA,Kyle Anderson,anderky01,32.0,MIN,SF,19,2.0,19.1,1.8,3.9,0.473,0.0,0.3,0.0,1.8,3.6,0.507,0.473,0.9,1.2,0.773,1.1,2.6,3.7,3.3,0.8,0.6,0.8,2.0,4.6
2026,NBA,Alex Antetokounmpo,antetal01,24.0,MIL,SF,6,0.0,3.5,0.5,1.3,0.375,0.3,1.2,0.286,0.2,0.2,1.0,0.5,1.8,2.5,0.733,0.3,0.7,1.0,0.2,0.0,0.2,0.2,0.2,3.2
2026,NBA,Giannis Antetokounmpo,antetgi01,31.0,MIL,PF,36,36.0,28.9,10.4,16.6,0.624,0.4,1.3,0.333,9.9,15.4,0.647,0.636,6.4,9.9,0.65,2.7,7.1,9.8,5.4,0.9,0.7,3.2,2.4,27.6
2026,NBA,Thanasis Antetokounmpo,antetth01,33.0,MIL,SF,34,0.0,4.4,0.4,0.9,0.469,0.0,0.1,0.0,0.4,0.8,0.536,0.469,0.5,0.9,0.567,0.4,0.5,0.9,0.4,0.4,0.2,0.3,0.5,1.4
2026,NBA,Cole Anthony,anthoco01,25.0,MIL,PG,35,0.0,15.1,2.8,6.6,0.424,0.6,2.1,0.306,2.2,4.5,0.478,0.472,0.5,0.7,0.615,0.5,2.0,2.5,3.5,0.6,0.3,1.9,2.1,6.7
2026,NBA,OG Anunoby,anunoog01,28.0,NYK,PF,67,67.0,33.2,5.8,12.0,0.484,2.3,6.1,0.386,3.5,5.9,0.584,0.581,2.7,3.3,0.828,1.3,4.0,5.2,2.2,1.6,0.7,1.8,2.4,16.7
2026,NBA,Deni Avdija,avdijde01,25.0,POR,SF,66,66.0,33.3,7.5,16.1,0.462,1.9,6.0,0.318,5.6,10.2,0.547,0.521,7.4,9.2,0.802,1.1,5.8,6.9,6.7,0.8,0.6,3.8,2.5,24.2
2026,NBA,Deandre Ayton,aytonde01,27.0,LAL,C,72,72.0,27.2,5.6,8.3,0.671,0.0,0.0,,5.6,8.3,0.671,0.671,1.3,2.0,0.645,2.6,5.4,8.0,0.8,0.6,1.0,1.2,2.2,12.5
2026,NBA,Marvin Bagley III,baglema01,26.0,2TM,PF,60,12.0,20.0,4.2,6.9,0.618,0.4,0.9,0.462,3.8,6.0,0.641,0.647,1.6,2.4,0.66,2.5,3.6,6.1,1.4,0.5,0.7,1.0,2.1,10.5
2026,NBA,Marvin Bagley III,baglema01,26.0,WAS,PF,38,8.0,19.2,4.1,6.5,0.626,0.2,0.5,0.421,3.8,6.0,0.643,0.642,1.8,2.6,0.711,2.6,3.1,5.7,1.5,0.5,0.7,1.2,2.1,10.1
2026,NBA,Marvin Bagley III,baglema01,26.0,DAL,PF,22,4.0,21.4,4.5,7.5,0.606,0.7,1.5,0.485,3.8,6.0,0.636,0.655,1.2,2.1,0.553,2.4,4.4,6.8,1.3,0.4,0.7,0.8,2.0,11.0
2026,NBA,Ace Bailey,baileac01,19.0,UTA,SF,72,61.0,27.6,5.5,12.4,0.443,1.9,5.5,0.344,3.6,6.9,0.522,0.52,0.9,1.2,0.75,1.4,2.8,4.2,1.8,0.8,0.7,1.5,2.7,13.8
2026,NBA,Adama-Alpha Bal,balad01,22.0,MEM,SG,8,1.0,30.1,3.5,8.5,0.412,2.3,5.5,0.409,1.3,3.0,0.417,0.544,1.1,1.3,0.9,0.8,2.4,3.1,2.4,1.1,0.1,0.8,3.4,10.4
2026,NBA,Patrick Baldwin Jr.,baldwpa01,23.0,3TM,SF,9,1.0,11.3,1.2,3.0,0.407,0.7,1.6,0.429,0.6,1.4,0.385,0.519,0.6,0.8,0.714,1.3,1.2,2.6,0.6,0.3,0.6,0.6,1.7,3.7
2026,NBA,Patrick Baldwin Jr.,baldwpa01,23.0,LAC,SF,2,0.0,6.0,1.5,2.0,0.75,1.0,1.5,0.667,0.5,0.5,1.0,1.0,1.0,1.0,1.0,0.0,0.5,0.5,0.0,0.0,0.0,0.5,1.0,5.0
2026,NBA,Patrick Baldwin Jr.,baldwpa01,23.0,PHI,SF,1,0.0,2.0,0.0,0.0,,0.0,0.0,,0.0,0.0,,,0.0,0.0,,0.0,1.0,1.0,0.0,0.0,0.0,0.0,0.0,0.0
2026,NBA,Patrick Baldwin Jr.,baldwpa01,23.0,SAC,SF,6,1.0,14.7,1.3,3.8,0.348,0.7,1.8,0.364,0.7,2.0,0.333,0.435,0.5,0.8,0.6,2.0,1.5,3.5,0.8,0.5,0.8,0.7,2.2,3.8
2026,NBA,LaMelo Ball,ballla01,24.0,CHO,PG,72,69.0,28.0,7.0,17.3,0.407,3.8,10.3,0.368,3.3,7.0,0.464,0.516,2.2,2.5,0.899,0.9,3.9,4.8,7.1,1.2,0.2,2.8,2.7,20.1
2026,NBA,Lonzo Ball,balllo01,28.0,CLE,PG,35,3.0,20.8,1.5,5.0,0.301,1.1,4.2,0.272,0.4,0.8,0.448,0.415,0.4,0.6,0.667,0.7,3.3,4.0,3.9,1.3,0.3,1.5,1.3,4.6
2026,NBA,Mo Bamba,bambamo01,27.0,2TM,C,4,0.0,11.0,1.3,2.8,0.455,0.0,0.0,,1.3,2.8,0.455,0.455,0.0,0.0,,2.5,3.0,5.5,0.3,0.0,0.8,0.5,1.5,2.5
2026,NBA,Mo Bamba,bambamo01,27.0,TOR,C,2,0.0,3.0,0.0,1.0,0.0,0.0,0.0,,0.0,1.0,0.0,0.0,0.0,0.0,,0.5,0.5,1.0,0.0,0.0,0.5,0.0,1.0,0.0
2026,NBA,Mo Bamba,bambamo01,27.0,UTA,C,2,0.0,19.0,2.5,4.5,0.556,0.0,0.0,,2.5,4.5,0.556,0.556,0.0,0.0,,4.5,5.5,10.0,0.5,0.0,1.0,1.0,2.0,5.0
2026,NBA,Paolo Banchero,banchpa01,23.0,ORL,PF,72,72.0,34.8,7.3,16.0,0.459,1.2,3.8,0.305,6.2,12.2,0.507,0.496,6.3,8.2,0.775,1.2,7.2,8.4,5.2,0.7,0.6,3.1,2.0,22.2
2026,NBA,Desmond Bane,banede01,27.0,ORL,SG,82,82.0,33.6,7.1,14.7,0.484,2.0,5.2,0.391,5.1,9.5,0.535,0.553,3.8,4.2,0.908,1.2,2.9,4.1,4.1,1.0,0.5,2.0,3.1,20.1
2026,NBA,Dalano Banton,bantoda01,26.0,2TM,PG,6,0.0,10.3,0.7,2.0,0.333,0.0,0.2,0.0,0.7,1.8,0.364,0.333,0.7,0.7,1.0,0.3,0.5,0.8,1.8,0.3,0.8,1.3,0.5,2.0
2026,NBA,Dalano Banton,bantoda01,26.0,LAC,PG,2,0.0,5.0,1.5,2.0,0.75,0.0,0.0,,1.5,2.0,0.75,0.75,0.0,0.0,,0.5,0.0,0.5,1.0,0.5,0.0,0.5,0.0,3.0
2026,NBA,Dalano Banton,bantoda01,26.0,BOS,PG,4,0.0,13.0,0.3,2.0,0.125,0.0,0.3,0.0,0.3,1.8,0.143,0.125,1.0,1.0,1.0,0.3,0.8,1.0,2.3,0.3,1.3,1.8,0.8,1.5
2026,NBA,Dominick Barlow,barlodo01,22.0,PHI,PF,71,59.0,23.8,3.0,5.6,0.539,0.3,1.2,0.256,2.7,4.5,0.612,0.565,1.3,1.8,0.718,1.9,2.9,4.8,1.2,0.9,0.7,0.8,2.1,7.7
2026,NBA,Harrison Barnes,barneha02,33.0,SAS,PF,77,52.0,25.8,3.4,7.5,0.456,1.8,4.6,0.388,1.6,2.8,0.567,0.577,1.3,1.6,0.829,0.8,2.0,2.8,1.9,0.6,0.2,0.8,1.1,9.9
2026,NBA,Scottie Barnes,barnesc01,24.0,TOR,PF,80,80.0,33.5,7.1,14.0,0.507,0.9,2.8,0.304,6.3,11.2,0.557,0.537,3.0,3.7,0.815,1.9,5.6,7.5,5.9,1.4,1.5,2.6,2.6,18.1
2026,NBA,Brooks Barnhizer,barnhbr01,23.0,OKC,SG,40,0.0,8.7,0.7,1.8,0.38,0.2,0.6,0.292,0.5,1.2,0.426,0.43,0.2,0.3,0.7,0.5,1.5,2.0,0.6,0.3,0.1,0.3,0.7,1.7
2026,NBA,RJ Barrett,barrerj01,25.0,TOR,SF,57,57.0,30.3,7.0,14.3,0.491,1.7,5.0,0.339,5.4,9.4,0.572,0.55,3.5,4.9,0.717,1.0,4.3,5.3,3.3,0.7,0.3,1.7,2.6,19.3
2026,NBA,Charles Bassey,bassech01,25.0,4TM,C,13,0.0,11.8,2.4,3.6,0.66,0.0,0.0,,2.4,3.6,0.66,0.66,1.1,1.5,0.7,1.8,2.6,4.4,0.5,0.3,0.8,0.5,1.5,5.8
2026,NBA,Charles Bassey,bassech01,25.0,MEM,C,2,0.0,15.5,1.5,4.0,0.375,0.0,0.0,,1.5,4.0,0.375,0.375,0.5,1.5,0.333,3.5,4.0,7.5,1.0,0.5,0.5,0.5,2.5,3.5
2026,NBA,Charles Bassey,bassech01,25.0,PHI,C,1,0.0,5.0,1.0,1.0,1.0,0.0,0.0,,1.0,1.0,1.0,1.0,0.0,0.0,,0.0,0.0,0.0,0.0,0.0,1.0,0.0,0.0,2.0
2026,NBA,Charles Bassey,bassech01,25.0,BOS,C,5,0.0,3.4,1.2,1.4,0.857,0.0,0.0,,1.2,1.4,0.857,0.857,0.4,0.8,0.5,0.8,0.4,1.2,0.0,0.2,0.4,0.2,0.6,2.8
2026,NBA,Charles Bassey,bassech01,25.0,GSW,C,5,0.0,20.0,4.2,6.2,0.677,0.0,0.0,,4.2,6.2,0.677,0.677,2.2,2.6,0.846,2.4,4.8,7.2,1.0,0.4,1.4,0.8,2.2,10.6
2026,NBA,Jamison Battle,battlja01,24.0,TOR,SF,61,2.0,8.5,1.2,2.4,0.51,0.6,1.4,0.412,0.6,1.0,0.65,0.631,0.1,0.2,0.643,0.3,1.1,1.5,0.4,0.1,0.0,0.3,0.7,3.1
2026,NBA,Nicolas Batum,batumni01,37.0,LAC,PF,74,6.0,17.5,1.3,3.2,0.403,1.2,3.1,0.404,0.1,0.1,0.4,0.597,0.1,0.1,0.818,0.3,2.2,2.5,0.9,0.6,0.3,0.5,1.4,4.0
2026,NBA,Bradley Beal,bealbr01,32.0,LAC,SG,6,6.0,20.2,3.0,8.0,0.375,1.2,3.2,0.368,1.8,4.8,0.379,0.448,1.0,1.3,0.75,0.3,0.5,0.8,1.7,0.5,0.0,1.5,2.3,8.2
2026,NBA,MarJon Beauchamp,beaucma01,25.0,PHI,SF,14,1.0,14.0,2.4,5.4,0.434,1.1,3.4,0.34,1.2,2.1,0.586,0.539,0.9,1.4,0.684,0.5,1.8,2.3,1.1,0.6,0.3,0.9,0.9,6.8
2026,NBA,Joan Beringer,berinjo01,19.0,MIN,PF,40,3.0,7.9,1.6,2.5,0.663,0.0,0.0,,1.6,2.5,0.663,0.663,0.7,0.9,0.703,1.1,1.2,2.3,0.3,0.2,0.7,0.3,1.2,3.9
2026,NBA,Saddiq Bey,beysa01,26.0,NOP,SF,72,64.0,31.2,6.1,13.4,0.451,2.1,5.7,0.367,4.0,7.7,0.514,0.529,3.4,4.1,0.841,1.7,3.9,5.6,2.5,0.9,0.1,0.9,1.3,17.7
2026,NBA,Goga Bitadze,bitadgo01,26.0,ORL,C,64,3.0,15.2,2.4,3.5,0.676,0.0,0.2,0.182,2.3,3.3,0.701,0.68,1.1,1.5,0.711,2.1,2.9,5.0,1.3,0.6,1.0,0.7,2.1,5.9
2026,NBA,Bismack Biyombo,biyombi01,33.0,SAS,C,25,1.0,5.6,0.4,0.6,0.6,0.0,0.0,,0.4,0.6,0.6,0.6,0.2,0.3,0.714,0.2,0.8,1.0,0.2,0.2,0.1,0.3,1.1,0.9
2026,NBA,Anthony Black,blackan01,22.0,ORL,PG,64,40.0,29.8,5.4,12.1,0.447,1.6,4.7,0.333,3.8,7.4,0.519,0.512,2.6,3.6,0.732,0.7,3.1,3.8,3.7,1.4,0.7,2.1,2.7,15.0
2026,NBA,Leaky Black,blackle01,26.0,WAS,SF,15,9.0,28.9,2.7,6.9,0.388,1.3,3.7,0.345,1.4,3.2,0.438,0.481,0.5,0.5,0.875,1.0,4.0,5.0,1.5,1.2,0.5,0.9,2.7,7.1
2026,NBA,Buddy Boeheim,boehebu01,26.0,OKC,SF,4,0.0,3.8,0.5,1.5,0.333,0.5,1.5,0.333,0.0,0.0,,0.5,0.0,0.0,,0.0,0.0,0.0,0.0,0.0,0.0,0.0,0.3,1.5
2026,NBA,Bogdan Bogdanović,bogdabo01,33.0,LAC,SG,23,3.0,19.7,2.6,6.6,0.388,1.4,4.1,0.347,1.1,2.5,0.456,0.497,0.9,1.1,0.8,0.3,2.3,2.6,2.2,0.4,0.1,1.2,2.0,7.4
2026,NBA,Adem Bona,bonaad01,22.0,PHI,C,71,18.0,17.4,1.8,3.1,0.595,0.0,0.1,0.333,1.8,3.0,0.603,0.6,1.1,1.6,0.708,1.8,2.5,4.3,0.5,0.4,1.2,0.8,2.2,4.8
2026,NBA,Devin Booker,bookede01,29.0,PHO,SG,64,64.0,33.5,8.5,18.7,0.456,1.9,5.8,0.33,6.6,12.9,0.512,0.507,7.1,8.1,0.873,0.8,3.1,3.9,6.0,0.8,0.3,3.1,2.6,26.1
2026,NBA,Chris Boucher,bouchch01,33.0,BOS,PF,9,0.0,10.4,0.9,2.8,0.32,0.2,1.7,0.133,0.7,1.1,0.6,0.36,0.3,0.4,0.75,0.2,1.8,2.0,0.3,0.6,0.8,0.1,1.9,2.3
2026,NBA,Jamaree Bouyea,bouyeja01,26.0,PHO,PG,46,1.0,14.0,2.3,5.1,0.458,0.5,1.7,0.295,1.8,3.4,0.538,0.506,0.5,0.8,0.686,0.4,1.4,1.8,1.8,0.6,0.3,0.7,0.8,5.7
2026,NBA,Tony Bradley,bradlto01,28.0,2TM,C,41,4.0,11.0,1.6,2.9,0.547,0.0,0.1,0.5,1.5,2.8,0.549,0.556,0.8,1.0,0.744,1.5,1.4,2.8,0.5,0.1,0.2,0.4,1.5,4.0
2026,NBA,Tony Bradley,bradlto01,28.0,IND,C,38,3.0,10.9,1.6,2.8,0.557,0.0,0.1,0.5,1.5,2.7,0.558,0.561,0.8,1.1,0.744,1.5,1.3,2.8,0.5,0.2,0.2,0.4,1.6,4.0
2026,NBA,Tony Bradley,bradlto01,28.0,ATL,C,3,1.0,11.3,1.7,3.7,0.455,0.3,0.7,0.5,1.3,3.0,0.444,0.5,0.0,0.0,,1.3,1.7,3.0,0.7,0.0,0.0,0.3,0.7,3.7
2026,NBA,Malaki Branham,branhma01,22.0,WAS,SG,28,0.0,9.8,1.5,3.3,0.473,0.5,1.3,0.378,1.0,1.9,0.537,0.549,1.0,1.2,0.824,0.4,1.1,1.6,0.8,0.4,0.1,0.5,0.8,4.6
2026,NBA,Christian Braun,braunch01,24.0,DEN,SG,44,44.0,31.8,4.6,8.8,0.519,1.0,3.3,0.301,3.6,5.6,0.646,0.575,1.8,2.3,0.782,1.4,3.4,4.8,2.7,0.7,0.3,1.0,2.3,12.0
2026,NBA,Koby Brea,breako01,23.0,PHO,SG,12,0.0,7.0,1.3,3.0,0.417,1.1,2.5,0.433,0.2,0.5,0.333,0.597,0.2,0.2,1.0,0.1,0.6,0.7,0.8,0.1,0.0,0.3,0.5,3.8
2026,NBA,Mikal Bridges,bridgmi01,29.0,NYK,SF,82,82.0,32.8,5.8,11.7,0.49,1.9,5.1,0.371,3.9,6.6,0.582,0.571,1.0,1.2,0.827,1.0,2.8,3.8,3.7,1.3,0.8,1.0,2.0,14.4
2026,NBA,Miles Bridges,bridgmi02,27.0,CHO,PF,77,77.0,31.0,6.2,13.5,0.46,1.9,5.8,0.333,4.3,7.8,0.554,0.531,2.7,3.3,0.822,1.0,4.9,5.8,3.2,0.6,0.4,1.4,1.7,17.1
2026,NBA,Dillon Brooks,brookdi01,30.0,PHO,SF,56,56.0,30.4,7.4,17.1,0.435,2.3,6.6,0.344,5.2,10.5,0.492,0.501,3.0,3.6,0.842,0.8,2.9,3.6,1.8,1.0,0.2,1.8,3.3,20.2
2026,NBA,Johni Broome,broomjo01,23.0,PHI,C,11,0.0,5.0,0.4,2.2,0.167,0.0,0.5,0.0,0.4,1.7,0.211,0.167,0.2,0.5,0.333,0.6,0.8,1.5,0.4,0.3,0.2,0.3,0.6,0.9
2026,NBA,Bruce Brown,brownbr01,29.0,DEN,SG,82,4.0,24.4,3.0,6.4,0.475,0.7,1.8,0.385,2.3,4.6,0.511,0.53,1.2,1.5,0.762,1.0,2.8,3.9,2.1,1.0,0.2,1.1,2.4,7.9
2026,NBA,Darius Brown II,brownda04,26.0,CLE,SG,1,0.0,3.0,0.0,1.0,0.0,0.0,0.0,,0.0,1.0,0.0,0.0,0.0,0.0,,0.0,1.0,1.0,0.0,0.0,0.0,0.0,0.0,0.0
2026,NBA,Jaylen Brown,brownja02,29.0,BOS,SF,71,71.0,34.4,10.4,21.7,0.477,2.0,5.7,0.347,8.4,16.0,0.523,0.522,6.0,7.5,0.795,1.1,5.8,6.9,5.1,1.0,0.4,3.6,2.7,28.7
2026,NBA,Kobe Brown,brownko01,26.0,2TM,PF,61,10.0,15.8,2.1,4.4,0.469,0.9,2.3,0.374,1.2,2.2,0.568,0.565,0.8,1.0,0.797,1.1,1.9,3.0,1.3,0.4,0.2,0.9,1.1,5.8
2026,NBA,Kobe Brown,brownko01,26.0,LAC,PF,34,0.0,8.7,1.0,2.5,0.393,0.4,1.4,0.265,0.6,1.0,0.571,0.47,0.6,0.8,0.808,0.5,1.0,1.6,0.8,0.3,0.1,0.4,0.5,2.9
2026,NBA,Kobe Brown,brownko01,26.0,IND,PF,27,10.0,24.7,3.5,6.9,0.503,1.4,3.3,0.433,2.0,3.6,0.567,0.607,1.0,1.2,0.788,1.9,3.0,4.9,2.0,0.5,0.4,1.4,2.0,9.4
2026,NBA,Jalen Brunson,brunsja01,29.0,NYK,PG,74,74.0,35.0,9.3,19.9,0.467,2.6,7.1,0.369,6.7,12.8,0.522,0.533,4.8,5.7,0.841,0.4,2.9,3.3,6.8,0.8,0.1,2.4,2.3,26.0
2026,NBA,Carter Bryant,bryanca01,20.0,SAS,PF,71,0.0,11.5,1.5,3.7,0.408,0.7,2.2,0.335,0.8,1.5,0.509,0.506,0.4,0.6,0.714,0.5,2.0,2.5,0.7,0.2,0.3,0.5,1.3,4.2
2026,NBA,Thomas Bryant,bryanth01,28.0,CLE,C,60,1.0,12.2,2.3,4.5,0.506,0.8,2.2,0.359,1.5,2.3,0.647,0.594,0.9,1.1,0.803,1.0,2.4,3.4,0.6,0.3,0.4,0.5,1.3,6.2
2026,NBA,Kobe Bufkin,bufkiko01,22.0,LAL,SG,16,1.0,7.4,0.9,3.1,0.3,0.3,1.6,0.192,0.6,1.5,0.417,0.35,0.7,0.8,0.917,0.1,0.8,0.8,0.6,0.1,0.2,0.3,0.6,2.9
2026,NBA,Tyler Burton,burtoty01,25.0,MEM,SF,12,0.0,25.6,3.5,9.3,0.375,1.8,5.5,0.333,1.7,3.8,0.435,0.473,1.9,2.3,0.852,0.7,3.5,4.2,1.0,0.9,0.3,0.9,2.6,10.8
2026,NBA,Jimmy Butler,butleji01,36.0,GSW,SF,38,38.0,31.1,6.3,12.2,0.519,0.8,2.2,0.376,5.5,9.9,0.552,0.554,6.5,7.6,0.864,2.3,3.2,5.6,4.9,1.4,0.2,1.6,1.2,20.0
2026,NBA,Matas Buzelis,buzelma01,21.0,CHI,PF,77,77.0,29.2,5.8,12.5,0.463,2.2,6.4,0.349,3.5,6.1,0.583,0.553,2.4,3.1,0.786,1.0,4.8,5.8,2.1,0.7,1.5,2.1,2.3,16.3
2026,NBA,Jamal Cain,cainja01,26.0,ORL,SF,40,1.0,12.2,1.9,3.8,0.487,0.7,1.8,0.384,1.2,2.0,0.582,0.579,1.0,1.2,0.848,0.7,1.3,2.0,0.7,0.3,0.1,0.5,1.3,5.4
2026,NBA,Kentavious Caldwell-Pope,caldwke01,32.0,MEM,SG,51,14.0,21.3,2.9,7.2,0.41,1.1,3.4,0.316,1.9,3.8,0.495,0.485,1.4,1.6,0.913,0.4,2.1,2.5,2.7,0.8,0.2,1.2,1.1,8.4
2026,NBA,Toumani Camara,camarto01,25.0,POR,PF,82,82.0,33.3,4.8,10.9,0.44,2.7,7.2,0.37,2.1,3.6,0.579,0.563,1.2,1.7,0.708,1.6,3.6,5.1,2.5,1.1,0.4,1.8,2.9,13.4
2026,NBA,Clint Capela,capelca01,31.0,HOU,C,75,3.0,12.3,1.6,3.0,0.52,0.0,0.0,0.5,1.6,3.0,0.52,0.522,0.6,1.0,0.577,2.1,2.5,4.6,0.7,0.5,0.8,0.5,1.0,3.8
2026,NBA,Dylan Cardwell,cardwdy01,24.0,SAC,C,44,1.0,20.6,2.4,4.1,0.587,0.0,0.1,0.5,2.3,4.0,0.589,0.592,0.6,1.2,0.51,3.3,4.2,7.5,1.4,0.7,1.5,0.9,3.7,5.4
2026,NBA,Branden Carlson,carlsbr01,26.0,OKC,C,42,4.0,11.6,2.3,4.4,0.527,0.7,2.0,0.36,1.6,2.4,0.67,0.61,0.4,0.6,0.577,0.7,2.3,3.0,0.7,0.2,0.6,0.4,0.9,5.8
2026,NBA,Bub Carrington,carrica01,20.0,WAS,PG,82,48.0,27.7,3.8,9.0,0.424,2.1,5.0,0.408,1.8,4.0,0.443,0.538,1.0,1.4,0.73,0.4,3.0,3.4,4.6,0.6,0.2,2.3,2.2,10.7
2026,NBA,Devin Carter,cartede02,23.0,SAC,PG,38,12.0,18.4,3.2,7.7,0.414,0.8,3.0,0.263,2.4,4.7,0.511,0.466,1.8,2.5,0.713,0.9,2.3,3.3,2.7,0.9,0.2,1.4,1.3,8.9
2026,NBA,Jevon Carter,carteje01,30.0,2TM,PG,53,1.0,16.4,2.3,5.8,0.401,1.5,4.1,0.363,0.8,1.7,0.489,0.528,0.3,0.4,0.789,0.3,1.4,1.7,1.6,0.8,0.2,0.7,1.1,6.4
2026,NBA,Jevon Carter,carteje01,30.0,CHI,PG,23,0.0,11.0,1.8,4.5,0.398,1.4,3.4,0.41,0.4,1.1,0.36,0.553,0.4,0.4,1.0,0.2,0.9,1.1,0.8,0.6,0.1,0.5,0.8,5.4
2026,NBA,Jevon Carter,carteje01,30.0,ORL,PG,30,1.0,20.4,2.7,6.8,0.402,1.5,4.6,0.336,1.2,2.2,0.537,0.515,0.2,0.3,0.556,0.3,1.8,2.1,2.3,0.9,0.3,0.8,1.3,7.2
2026,NBA,Wendell Carter Jr.,cartewe01,26.0,ORL,C,78,78.0,29.3,4.2,8.2,0.512,0.9,2.9,0.319,3.3,5.3,0.618,0.568,2.5,3.2,0.792,2.1,5.3,7.4,2.0,0.8,0.6,1.3,3.4,11.8
2026,NBA,Alex Caruso,carusal01,31.0,OKC,SG,56,0.0,18.2,2.3,5.4,0.423,0.9,3.2,0.293,1.3,2.1,0.622,0.512,0.7,0.9,0.804,0.5,2.3,2.8,2.0,1.3,0.3,0.9,1.2,6.2
2026,NBA,Colin Castleton,castlco01,25.0,ORL,C,4,0.0,5.3,0.5,1.3,0.4,0.0,0.0,,0.5,1.3,0.4,0.4,0.3,0.3,1.0,0.5,1.5,2.0,0.3,0.3,0.0,0.5,0.5,1.3
2026,NBA,Stephon Castle,castlst01,21.0,SAS,PG,68,67.0,30.0,5.7,12.0,0.471,1.2,3.6,0.332,4.5,8.4,0.531,0.521,4.1,5.6,0.734,1.4,3.9,5.3,7.4,1.1,0.3,3.2,3.3,16.7
2026,NBA,Justin Champagnie,champju01,24.0,WAS,SF,69,19.0,20.0,3.4,6.7,0.502,0.8,2.4,0.319,2.6,4.3,0.605,0.56,1.2,1.5,0.784,2.1,3.5,5.6,1.2,0.9,0.6,0.7,1.7,8.7
2026,NBA,Julian Champagnie,champju02,24.0,SAS,SF,82,68.0,27.6,3.7,8.4,0.437,2.4,6.2,0.381,1.3,2.2,0.599,0.578,1.4,1.6,0.844,0.9,4.9,5.8,1.5,0.8,0.5,0.8,1.6,11.1
2026,NBA,Kennedy Chandler,chandke01,23.0,UTA,PG,11,2.0,32.3,5.5,12.5,0.445,1.4,3.5,0.395,4.2,9.0,0.465,0.5,2.5,3.9,0.651,0.5,2.8,3.4,6.7,1.0,0.2,2.1,2.1,15.0
2026,NBA,Cam Christie,chrisca02,20.0,LAC,SG,55,0.0,8.7,1.0,2.5,0.381,0.2,0.9,0.245,0.7,1.6,0.456,0.424,0.7,0.9,0.76,0.3,1.1,1.4,0.6,0.3,0.1,0.4,0.3,2.8
2026,NBA,Max Christie,chrisma02,22.0,DAL,SG,77,68.0,29.1,4.2,9.4,0.441,2.3,5.8,0.404,1.8,3.6,0.502,0.566,1.6,1.8,0.899,0.2,3.0,3.2,2.0,0.6,0.4,1.2,1.3,12.3
2026,NBA,Moussa Cisse,cissemo01,23.0,DAL,C,38,1.0,13.9,1.7,3.0,0.574,0.0,0.0,,1.7,3.0,0.574,0.574,1.0,2.1,0.469,2.3,3.3,5.7,0.2,0.5,1.2,0.8,1.9,4.5
2026,NBA,Sidy Cissoko,cissosi01,21.0,POR,SF,75,26.0,19.1,1.8,4.5,0.398,0.8,2.6,0.298,1.0,1.8,0.544,0.487,0.8,1.2,0.659,0.8,1.4,2.2,1.5,0.7,0.3,0.9,2.4,5.1
2026,NBA,Brandon Clarke,clarkbr01,29.0,MEM,PF,2,2.0,10.0,1.5,4.5,0.333,0.0,0.0,,1.5,4.5,0.333,0.333,1.0,2.0,0.5,2.0,1.0,3.0,0.5,1.0,0.0,0.0,2.5,4.0
2026,NBA,Jaylen Clark,clarkja02,24.0,MIN,SG,68,1.0,13.1,1.5,3.4,0.434,0.5,1.5,0.327,1.0,1.9,0.52,0.507,0.6,1.0,0.657,0.8,1.0,1.8,0.6,0.7,0.1,0.3,1.3,4.0
2026,NBA,Jordan Clarkson,clarkjo01,33.0,NYK,SG,72,1.0,17.8,3.3,7.3,0.451,1.0,3.0,0.327,2.3,4.3,0.535,0.517,1.1,1.3,0.83,0.9,0.9,1.8,1.3,0.4,0.1,0.9,1.7,8.6
2026,NBA,Nic Claxton,claxtni01,26.0,BRK,C,69,68.0,27.8,4.8,8.4,0.571,0.0,0.3,0.158,4.8,8.2,0.585,0.574,2.0,3.3,0.616,2.4,4.5,6.9,3.7,0.7,1.1,1.4,2.3,11.7
2026,NBA,Walter Clayton,claytwa01,22.0,2TM,PG,69,6.0,20.4,2.6,6.7,0.384,1.1,3.5,0.307,1.5,3.1,0.47,0.465,1.6,1.8,0.901,0.4,1.7,2.0,4.0,0.6,0.3,1.7,1.7,7.8
2026,NBA,Walter Clayton,claytwa01,22.0,UTA,PG,45,0.0,18.0,2.3,5.7,0.398,1.0,3.2,0.308,1.3,2.5,0.513,0.484,1.3,1.4,0.935,0.3,1.6,2.0,3.2,0.5,0.3,1.3,1.7,6.8
2026,NBA,Walter Clayton,claytwa01,22.0,MEM,PG,24,6.0,25.0,3.1,8.5,0.366,1.3,4.2,0.307,1.8,4.3,0.423,0.441,2.1,2.5,0.864,0.4,1.7,2.1,5.7,0.8,0.3,2.5,1.7,9.7
2026,NBA,Nique Clifford,cliffni01,23.0,SAC,SG,75,28.0,25.1,3.3,7.9,0.418,1.0,3.1,0.333,2.3,4.9,0.471,0.482,0.9,1.3,0.722,0.9,2.9,3.8,2.4,0.9,0.3,1.5,2.1,8.6
2026,NBA,Donovan Clingan,clingdo01,21.0,POR,C,77,77.0,27.2,4.6,8.9,0.52,1.1,3.2,0.341,3.5,5.7,0.621,0.582,1.8,2.6,0.68,4.5,7.1,11.6,2.1,0.6,1.7,1.2,2.4,12.1
2026,NBA,Noah Clowney,clownno01,21.0,BRK,PF,66,60.0,27.0,3.8,9.6,0.396,2.0,5.9,0.329,1.8,3.6,0.506,0.498,2.7,3.4,0.804,0.8,3.3,4.1,1.6,0.8,0.7,1.5,2.5,12.3
2026,NBA,Amir Coffey,coffeam01,28.0,2TM,SG,46,3.0,10.7,1.2,2.5,0.487,0.4,1.1,0.347,0.8,1.4,0.594,0.562,0.5,0.6,0.786,0.4,0.8,1.2,0.6,0.2,0.1,0.2,0.7,3.2
2026,NBA,Amir Coffey,coffeam01,28.0,MIL,SG,30,2.0,8.8,0.9,1.8,0.473,0.2,0.8,0.28,0.6,1.0,0.633,0.536,0.4,0.5,0.867,0.2,0.7,0.9,0.4,0.1,0.1,0.1,0.5,2.4
2026,NBA,Amir Coffey,coffeam01,28.0,PHO,SG,16,1.0,14.1,1.8,3.6,0.5,0.6,1.5,0.417,1.2,2.1,0.559,0.586,0.6,0.8,0.692,0.8,1.1,1.9,1.0,0.4,0.1,0.3,1.0,4.8
2026,NBA,Isaiah Collier,colliis01,21.0,UTA,PG,59,19.0,25.7,4.3,8.7,0.495,0.5,1.7,0.27,3.9,7.0,0.549,0.521,2.6,3.5,0.722,0.4,2.2,2.5,7.2,1.1,0.3,2.5,2.3,11.7
2026,NBA,John Collins,collijo01,28.0,LAC,PF,69,56.0,27.1,5.3,9.6,0.552,1.3,3.2,0.406,4.0,6.4,0.625,0.62,1.7,2.2,0.766,1.6,3.7,5.3,1.0,0.9,0.7,1.4,2.7,13.6
2026,NBA,Zach Collins,colliza01,28.0,CHI,C,10,0.0,18.4,3.7,6.4,0.578,0.9,2.1,0.429,2.8,4.3,0.651,0.648,1.4,2.0,0.7,1.6,4.0,5.6,1.5,0.2,0.4,1.0,1.8,9.7
2026,NBA,Mike Conley,conlemi01,38.0,MIN,PG,54,15.0,18.4,1.3,4.0,0.335,1.0,3.1,0.337,0.3,0.9,0.327,0.465,0.8,0.9,0.9,0.3,1.4,1.7,2.9,0.6,0.3,0.6,1.6,4.5
2026,NBA,Pat Connaughton,connapa01,33.0,CHO,SG,42,0.0,7.1,0.9,2.0,0.447,0.5,1.2,0.404,0.4,0.8,0.515,0.571,0.3,0.5,0.65,0.4,1.1,1.5,0.4,0.3,0.0,0.3,0.2,2.6
2026,NBA,Javonte Cooke,cookeja01,26.0,POR,SG,19,0.0,4.9,0.5,2.2,0.22,0.2,1.2,0.13,0.3,0.9,0.333,0.256,0.1,0.1,1.0,0.2,0.8,1.0,0.4,0.3,0.0,0.5,0.3,1.2
2026,NBA,Sharife Cooper,coopesh01,24.0,WAS,PG,41,1.0,17.1,3.1,6.0,0.514,0.7,1.9,0.382,2.4,4.2,0.573,0.573,1.2,1.5,0.833,0.4,1.7,2.1,3.0,0.4,0.1,1.5,1.5,8.1
2026,NBA,Bilal Coulibaly,coulibi01,21.0,WAS,SG,56,56.0,26.2,4.1,9.7,0.425,1.2,3.6,0.319,2.9,6.0,0.49,0.485,2.4,3.2,0.746,0.9,3.5,4.3,2.6,1.3,1.0,1.4,2.3,11.7
2026,NBA,Cedric Coward,cowarce01,22.0,MEM,SG,62,47.0,25.8,4.9,10.5,0.471,1.5,4.4,0.338,3.4,6.0,0.568,0.542,2.3,2.7,0.843,1.3,4.5,5.9,2.8,0.6,0.4,1.7,2.0,13.6
2026,NBA,Isaiah Crawford,crawfis01,24.0,HOU,SF,14,0.0,6.6,0.7,1.7,0.417,0.2,0.9,0.231,0.5,0.8,0.636,0.479,0.4,0.4,0.833,0.2,0.9,1.1,0.4,0.1,0.2,0.3,0.3,2.0
2026,NBA,LJ Cryer,cryerlj01,24.0,GSW,PG,18,1.0,16.2,2.6,6.5,0.402,2.1,5.2,0.394,0.6,1.3,0.435,0.56,0.9,1.1,0.895,0.2,1.3,1.6,1.0,0.2,0.0,0.8,1.6,8.2
2026,NBA,Cade Cunningham,cunnica01,24.0,DET,PG,64,64.0,33.9,8.6,18.6,0.461,2.0,5.7,0.342,6.6,12.9,0.514,0.513,4.8,6.0,0.812,0.9,4.7,5.5,9.9,1.4,0.8,3.7,3.1,23.9
2026,NBA,Seth Curry,curryse01,35.0,GSW,SG,10,0.0,13.3,2.4,4.9,0.49,1.2,2.5,0.48,1.2,2.4,0.5,0.612,1.1,1.2,0.917,0.4,0.8,1.2,1.0,0.3,0.0,0.2,0.7,7.1
2026,NBA,Stephen Curry,curryst01,37.0,GSW,PG,43,41.0,30.9,8.7,18.6,0.468,4.4,11.3,0.393,4.3,7.3,0.584,0.587,4.7,5.1,0.923,0.4,3.2,3.6,4.7,1.1,0.4,2.8,1.7,26.6
2026,NBA,Pacôme Dadiet,dadiepa01,20.0,NYK,SG,29,0.0,4.7,0.6,1.7,0.333,0.2,1.1,0.219,0.3,0.6,0.563,0.406,0.3,0.4,0.818,0.1,0.8,0.9,0.4,0.1,0.0,0.1,0.3,1.7
2026,NBA,Dyson Daniels,daniedy01,22.0,ATL,SG,76,76.0,33.2,5.3,10.2,0.517,0.3,1.5,0.188,5.0,8.7,0.576,0.532,1.0,1.6,0.615,2.4,4.4,6.8,5.9,2.0,0.4,1.8,2.2,11.9
2026,NBA,Tristan Da Silva,dasiltr01,24.0,ORL,SF,77,34.0,24.7,3.6,8.1,0.45,1.6,4.2,0.374,2.1,3.9,0.532,0.547,1.1,1.2,0.884,0.8,2.9,3.7,1.6,0.9,0.3,0.9,1.5,9.9
2026,NBA,Anthony Davis,davisan02,32.0,DAL,PF,20,20.0,31.3,8.5,16.7,0.506,0.5,1.9,0.27,8.0,14.9,0.535,0.521,3.0,4.1,0.728,3.1,8.0,11.1,2.8,1.1,1.7,2.1,2.1,20.4
2026,NBA,JD Davison,davisjd01,23.0,HOU,PG,28,0.0,7.8,0.9,2.3,0.375,0.3,1.1,0.25,0.6,1.1,0.5,0.438,0.5,0.7,0.684,0.1,1.1,1.2,1.3,0.2,0.2,0.3,0.6,2.5
2026,NBA,Egor Dёmin,demineg01,19.0,BRK,PG,52,45.0,25.2,3.4,8.6,0.399,2.4,6.2,0.385,1.1,2.4,0.433,0.537,1.0,1.3,0.831,0.4,2.8,3.2,3.3,0.8,0.3,1.7,1.8,10.3
2026,NBA,RayJ Dennis,dennira01,24.0,3TM,PG,17,0.0,12.1,1.5,4.9,0.313,0.8,2.6,0.311,0.7,2.2,0.316,0.398,0.5,0.5,0.889,0.5,1.1,1.5,1.9,0.2,0.2,1.0,1.2,4.4
2026,NBA,RayJ Dennis,dennira01,24.0,IND,PG,13,0.0,12.9,1.7,5.5,0.306,0.9,2.9,0.316,0.8,2.6,0.294,0.389,0.6,0.7,0.889,0.6,1.0,1.6,2.0,0.2,0.3,1.1,1.2,4.9
2026,NBA,RayJ Dennis,dennira01,24.0,LAC,PG,1,0.0,4.0,0.0,0.0,,0.0,0.0,,0.0,0.0,,,0.0,0.0,,0.0,2.0,2.0,0.0,0.0,0.0,1.0,0.0,0.0
2026,NBA,RayJ Dennis,dennira01,24.0,ATL,PG,3,0.0,11.3,1.3,3.7,0.364,0.7,2.3,0.286,0.7,1.3,0.5,0.455,0.0,0.0,,0.0,1.0,1.0,2.3,0.3,0.0,0.7,1.7,3.3
2026,NBA,DeMar DeRozan,derozde01,36.0,SAC,PF,77,77.0,31.2,6.5,13.1,0.497,0.6,1.9,0.32,5.9,11.1,0.527,0.52,4.9,5.6,0.868,0.5,2.5,2.9,4.1,1.0,0.3,1.2,1.9,18.4
2026,NBA,Moussa Diabaté,diabamo01,24.0,CHO,C,73,47.0,26.0,3.1,5.0,0.631,0.0,0.0,0.5,3.1,4.9,0.632,0.632,1.6,2.4,0.659,3.7,5.0,8.7,1.9,0.8,1.0,1.0,2.4,7.9
2026,NBA,Mohamed Diawara,diawamo01,20.0,NYK,SF,69,7.0,9.2,1.3,3.1,0.423,0.7,1.9,0.369,0.6,1.2,0.506,0.535,0.3,0.3,0.75,0.2,1.1,1.4,0.8,0.2,0.1,0.4,0.7,3.6
2026,NBA,Gradey Dick,dickgr01,22.0,TOR,SG,76,1.0,14.0,2.1,5.1,0.419,0.7,2.4,0.301,1.4,2.6,0.53,0.492,1.0,1.2,0.875,0.6,1.4,1.9,0.7,0.6,0.1,0.6,1.3,6.0
2026,NBA,Hunter Dickinson,dickihu01,25.0,NOP,C,5,0.0,8.4,1.0,2.8,0.357,0.0,0.8,0.0,1.0,2.0,0.5,0.357,0.4,0.4,1.0,0.4,0.6,1.0,0.4,0.2,0.4,0.6,1.2,2.4
2026,NBA,Ousmane Dieng,diengou01,22.0,2TM,C,57,20.0,19.3,2.9,7.0,0.422,1.1,3.2,0.341,1.8,3.7,0.493,0.501,0.6,0.8,0.711,0.5,2.6,3.2,2.4,0.4,0.3,1.3,1.4,7.6
2026,NBA,Ousmane Dieng,diengou01,22.0,OKC,C,27,0.0,10.9,1.4,3.4,0.418,0.7,1.8,0.367,0.7,1.6,0.476,0.516,0.2,0.2,1.0,0.3,1.3,1.6,1.0,0.1,0.3,0.3,0.8,3.7
2026,NBA,Ousmane Dieng,diengou01,22.0,MIL,C,30,20.0,26.8,4.3,10.2,0.423,1.5,4.5,0.331,2.8,5.7,0.497,0.497,0.9,1.3,0.667,0.7,3.9,4.6,3.6,0.8,0.3,2.2,1.9,11.0
2026,NBA,Rob Dillingham,dilliro01,21.0,2TM,PG,65,0.0,14.9,2.5,6.3,0.396,0.6,2.0,0.316,1.9,4.3,0.434,0.447,0.6,0.8,0.745,0.3,1.7,2.0,2.2,0.7,0.1,1.5,1.8,6.3
2026,NBA,Rob Dillingham,dilliro01,21.0,MIN,PG,35,0.0,9.3,1.3,4.0,0.333,0.3,0.9,0.364,1.0,3.1,0.324,0.376,0.4,0.6,0.75,0.1,1.0,1.2,1.7,0.5,0.1,1.0,1.0,3.5
2026,NBA,Rob Dillingham,dilliro01,21.0,CHI,PG,30,0.0,21.5,3.9,9.0,0.428,1.0,3.3,0.3,2.9,5.7,0.503,0.483,0.9,1.2,0.743,0.5,2.5,3.0,2.8,0.9,0.1,2.1,2.6,9.6
2026,NBA,Donte DiVincenzo,divindo01,29.0,MIN,SG,82,82.0,30.4,4.1,10.2,0.406,3.0,7.9,0.379,1.2,2.3,0.497,0.552,1.0,1.3,0.743,0.8,3.3,4.1,3.8,1.3,0.4,1.4,2.4,12.2
2026,NBA,Luka Dončić,doncilu01,26.0,LAL,PG,64,64.0,35.8,10.8,22.8,0.476,4.0,10.8,0.366,6.9,11.9,0.575,0.563,7.9,10.1,0.78,0.6,7.1,7.7,8.3,1.6,0.5,4.0,2.4,33.5
2026,NBA,Luguentz Dort,dortlu01,26.0,OKC,SF,69,69.0,26.8,2.9,7.6,0.385,1.9,5.4,0.344,1.1,2.2,0.487,0.508,0.6,0.8,0.759,0.8,2.7,3.6,1.2,0.9,0.4,0.8,2.6,8.3
2026,NBA,Ayo Dosunmu,dosunay01,26.0,2TM,SG,69,19.0,27.3,5.6,10.8,0.517,1.8,4.1,0.439,3.8,6.8,0.563,0.599,1.8,2.1,0.876,0.7,2.8,3.4,3.6,0.8,0.3,1.4,1.9,14.8
2026,NBA,Ayo Dosunmu,dosunay01,26.0,CHI,SG,45,10.0,26.4,5.6,10.8,0.514,1.9,4.3,0.451,3.6,6.5,0.556,0.604,2.0,2.3,0.857,0.7,2.3,3.0,3.6,0.8,0.3,1.4,1.7,15.0
2026,NBA,Ayo Dosunmu,dosunay01,26.0,MIN,SG,24,9.0,28.9,5.7,10.9,0.521,1.5,3.6,0.414,4.2,7.3,0.575,0.59,1.5,1.7,0.925,0.6,3.6,4.2,3.5,1.0,0.3,1.5,2.2,14.4
2026,NBA,Andre Drummond,drumman01,32.0,PHI,C,63,25.0,19.5,2.5,5.3,0.472,0.5,1.4,0.356,2.0,3.9,0.514,0.519,0.8,1.3,0.631,3.2,5.3,8.4,1.3,0.6,0.8,1.0,2.0,6.4
2026,NBA,Kris Dunn,dunnkr01,31.0,LAC,PG,82,68.0,27.2,2.8,5.8,0.476,1.0,2.6,0.374,1.8,3.2,0.559,0.56,0.8,1.0,0.765,0.7,2.6,3.3,3.6,1.6,0.2,1.4,2.3,7.3
2026,NBA,Ryan Dunn,dunnry01,23.0,PHO,SF,70,16.0,19.4,2.3,5.2,0.453,0.8,2.4,0.331,1.5,2.8,0.56,0.53,0.3,0.7,0.489,1.4,2.8,4.2,1.5,0.9,0.4,0.8,1.9,5.8
2026,NBA,Kevin Durant,duranke01,37.0,HOU,SF,78,78.0,36.4,9.2,17.6,0.52,2.4,5.8,0.413,6.8,11.9,0.572,0.588,5.2,6.0,0.874,0.5,4.9,5.5,4.8,0.8,0.9,3.2,1.8,26.0
2026,NBA,Jalen Duren,durenja01,22.0,DET,C,70,70.0,28.2,7.5,11.5,0.65,0.0,0.0,,7.5,11.5,0.65,0.65,4.6,6.1,0.747,3.8,6.7,10.5,2.0,0.8,0.8,1.9,2.8,19.5
2026,NBA,Tari Eason,easonta01,24.0,HOU,PF,60,34.0,25.8,4.0,9.7,0.416,1.6,4.3,0.358,2.5,5.3,0.463,0.496,0.9,1.1,0.776,2.1,4.2,6.3,1.5,1.2,0.5,1.4,2.3,10.5
2026,NBA,Zach Edey,edeyza01,23.0,MEM,C,11,11.0,25.8,5.6,8.9,0.633,0.1,0.5,0.2,5.5,8.5,0.656,0.638,2.3,2.9,0.781,3.9,7.2,11.1,1.1,0.6,1.9,2.4,3.4,13.6
2026,NBA,VJ Edgecombe,edgecvj01,20.0,PHI,SG,75,75.0,35.0,6.0,13.7,0.438,2.0,5.6,0.354,4.0,8.1,0.496,0.51,2.0,2.4,0.818,1.6,4.0,5.6,4.2,1.4,0.5,1.8,2.9,16.0
2026,NBA,Anthony Edwards,edwaran01,24.0,MIN,SG,61,60.0,35.0,9.9,20.2,0.489,3.4,8.4,0.399,6.5,11.8,0.554,0.572,5.7,7.2,0.796,0.6,4.4,5.0,3.7,1.4,0.8,2.9,1.9,28.8
2026,NBA,Justin Edwards,edwarju01,22.0,PHI,SF,64,12.0,15.3,2.2,5.0,0.447,1.0,2.8,0.372,1.2,2.2,0.543,0.552,0.5,0.6,0.846,0.4,1.1,1.5,1.3,0.8,0.2,0.6,1.4,6.0
2026,NBA,Keon Ellis,elliske01,26.0,2TM,SG,72,11.0,20.5,2.3,5.3,0.44,1.3,3.5,0.363,1.1,1.8,0.586,0.559,0.7,1.0,0.729,0.5,1.3,1.9,1.0,1.2,0.6,0.6,1.9,6.7
2026,NBA,Keon Ellis,elliske01,26.0,SAC,SG,43,5.0,17.6,1.9,4.9,0.397,1.2,3.3,0.368,0.7,1.5,0.462,0.524,0.5,0.7,0.625,0.3,0.9,1.3,0.6,1.1,0.5,0.5,1.6,5.6
2026,NBA,Keon Ellis,elliske01,26.0,CLE,SG,29,6.0,24.8,3.0,6.0,0.491,1.3,3.7,0.355,1.7,2.3,0.706,0.6,1.1,1.3,0.816,0.8,2.0,2.8,1.6,1.3,0.8,0.7,2.2,8.3
2026,NBA,Joel Embiid,embiijo01,31.0,PHI,C,38,38.0,31.6,9.0,18.3,0.489,1.4,4.2,0.333,7.6,14.2,0.535,0.527,7.5,8.8,0.854,2.0,5.7,7.7,3.9,0.6,1.2,2.9,2.2,26.9
2026,NBA,Tristan Enaruna,enarutr01,24.0,CLE,SF,9,0.0,9.4,1.6,3.1,0.5,0.3,1.1,0.3,1.2,2.0,0.611,0.554,0.7,0.9,0.75,0.8,0.8,1.6,0.8,0.6,0.0,0.3,0.3,4.1
2026,NBA,Noa Essengue,essenno01,19.0,CHI,PF,2,0.0,3.0,0.0,1.5,0.0,0.0,1.0,0.0,0.0,0.5,0.0,0.0,0.0,0.0,,0.0,0.0,0.0,0.0,0.5,0.0,0.0,0.5,0.0
2026,NBA,Tyson Etienne,etienty01,26.0,BRK,PG,24,2.0,15.8,2.4,6.0,0.4,1.8,4.5,0.398,0.6,1.5,0.405,0.548,1.3,1.5,0.833,0.2,0.9,1.1,1.7,0.5,0.0,0.7,2.0,7.9
2026,NBA,Drew Eubanks,eubandr01,28.0,SAC,C,42,11.0,13.1,2.2,3.7,0.596,0.0,0.2,0.143,2.2,3.5,0.617,0.599,0.8,1.4,0.561,0.9,2.1,3.0,0.5,0.4,0.6,0.7,1.4,5.2
2026,NBA,Tosan Evbuomwan,evbuoto01,24.0,NYK,SF,5,0.0,1.6,0.0,0.2,0.0,0.0,0.0,,0.0,0.2,0.0,0.0,0.0,0.0,,0.2,0.2,0.4,0.0,0.0,0.0,0.0,0.2,0.0
2026,NBA,Jeremiah Fears,fearsje01,19.0,NOP,PG,82,49.0,25.8,5.3,12.3,0.434,1.2,3.7,0.33,4.1,8.5,0.48,0.485,2.4,3.0,0.789,0.7,2.9,3.7,3.4,1.2,0.4,2.2,1.8,14.3
2026,NBA,Kyle Filipowski,filipky01,22.0,UTA,C,77,41.0,23.4,4.2,8.5,0.492,1.0,3.0,0.325,3.2,5.6,0.58,0.548,2.1,2.8,0.75,1.9,5.3,7.2,2.6,0.9,0.5,1.6,3.0,11.4
2026,NBA,Dorian Finney-Smith,finnedo01,32.0,HOU,PF,37,1.0,16.8,1.2,3.6,0.333,0.7,2.7,0.27,0.5,0.9,0.531,0.436,0.2,0.2,0.889,0.9,1.6,2.5,1.0,0.4,0.2,0.6,1.6,3.3
2026,NBA,Cooper Flagg,flaggco01,19.0,DAL,SF,70,70.0,33.5,8.0,17.1,0.468,1.0,3.5,0.295,7.0,13.6,0.513,0.498,4.0,4.9,0.827,1.2,5.4,6.7,4.5,1.2,0.9,2.3,2.0,21.0
2026,NBA,Rasheer Fleming,flemira01,21.0,PHO,PF,55,1.0,12.2,1.6,3.9,0.405,0.8,2.4,0.346,0.8,1.5,0.494,0.509,0.3,0.6,0.559,1.0,1.2,2.3,0.3,0.4,0.4,0.5,1.2,4.3
2026,NBA,Trentyn Flowers,flowetr01,20.0,CHI,SF,2,0.0,3.0,1.0,1.5,0.667,0.0,0.5,0.0,1.0,1.0,1.0,0.667,0.0,0.0,,0.5,0.0,0.5,0.5,0.0,0.0,0.5,0.5,2.0
2026,NBA,Simone Fontecchio,fontesi01,30.0,MIA,SF,70,9.0,16.8,2.8,6.7,0.412,1.8,4.7,0.375,1.0,2.0,0.497,0.542,1.2,1.5,0.843,0.8,2.2,3.0,1.4,0.5,0.1,0.7,1.5,8.5
2026,NBA,De'Aaron Fox,foxde01,28.0,SAS,PG,72,72.0,31.0,7.1,14.5,0.486,1.8,5.5,0.332,5.3,9.1,0.58,0.549,2.6,3.4,0.76,0.6,3.2,3.8,6.2,1.2,0.3,2.3,2.3,18.6
2026,NBA,Enrique Freeman,freemen01,25.0,MIN,PF,4,0.0,9.3,1.0,2.0,0.5,0.5,1.0,0.5,0.5,1.0,0.5,0.625,0.8,1.0,0.75,0.5,2.0,2.5,0.5,0.5,0.8,0.5,1.3,3.3
2026,NBA,Markelle Fultz,fultzma01,27.0,TOR,PG,5,0.0,7.2,0.4,2.2,0.182,0.0,0.0,,0.4,2.2,0.182,0.182,0.0,0.0,,0.0,0.2,0.2,1.6,0.4,0.0,0.8,0.4,0.8
2026,NBA,Johnny Furphy,furphjo01,21.0,IND,SG,35,21.0,18.4,2.0,4.3,0.47,0.7,2.0,0.324,1.3,2.2,0.603,0.547,0.5,1.0,0.486,0.9,3.5,4.4,1.2,0.6,0.2,0.8,1.9,5.1
2026,NBA,Daniel Gafford,gaffoda01,27.0,DAL,C,55,44.0,21.7,3.8,5.7,0.655,0.0,0.0,,3.8,5.7,0.655,0.655,2.0,2.9,0.683,2.5,4.4,6.9,1.1,0.8,1.3,1.1,2.6,9.5
2026,NBA,Andersson Garcia,garcian01,25.0,UTA,SF,5,2.0,33.8,1.8,5.8,0.31,0.2,2.6,0.077,1.6,3.2,0.5,0.328,1.4,1.8,0.778,3.4,5.0,8.4,2.8,1.6,0.8,1.4,3.2,5.2
2026,NBA,Myron Gardner,gardnmy01,24.0,MIA,SF,45,7.0,9.1,1.3,2.7,0.48,0.6,1.4,0.406,0.7,1.3,0.559,0.585,0.4,0.6,0.731,0.9,1.8,2.7,1.0,0.4,0.2,0.4,1.7,3.6
2026,NBA,Darius Garland,garlada01,26.0,2TM,PG,45,43.0,29.9,6.9,14.9,0.46,2.7,6.8,0.396,4.2,8.1,0.514,0.551,2.3,2.7,0.861,0.4,2.0,2.4,6.7,1.0,0.2,2.9,1.9,18.8
2026,NBA,Darius Garland,garlada01,26.0,CLE,PG,26,26.0,30.5,6.5,14.5,0.451,2.3,6.3,0.36,4.3,8.2,0.521,0.529,2.6,3.0,0.861,0.5,2.0,2.4,6.9,0.8,0.1,2.8,1.8,18.0
2026,NBA,Darius Garland,garlada01,26.0,LAC,PG,19,17.0,29.1,7.3,15.5,0.471,3.3,7.6,0.438,4.0,7.9,0.503,0.578,1.9,2.3,0.86,0.3,2.0,2.3,6.4,1.2,0.3,3.0,1.9,19.9
2026,NBA,Luka Garza,garzalu01,27.0,BOS,C,69,6.0,16.2,3.0,5.2,0.577,0.8,1.8,0.433,2.2,3.3,0.657,0.654,1.3,1.7,0.769,2.3,1.8,4.1,1.0,0.4,0.4,0.7,2.3,8.1
2026,NBA,Keyonte George,georgke01,22.0,UTA,PG,54,54.0,33.1,7.4,16.3,0.456,2.5,6.7,0.371,5.0,9.6,0.515,0.532,6.2,7.0,0.892,0.4,3.3,3.7,6.1,1.1,0.3,3.1,2.2,23.6
2026,NBA,Kyshawn George,georgky01,22.0,WAS,SF,48,48.0,29.0,5.3,12.0,0.438,2.1,5.4,0.381,3.2,6.6,0.486,0.524,2.2,2.7,0.802,0.9,4.2,5.1,4.5,1.0,0.9,2.6,3.5,14.8
2026,NBA,Paul George,georgpa01,35.0,PHI,PF,37,37.0,30.7,6.1,13.9,0.439,2.7,6.9,0.392,3.4,7.0,0.484,0.536,2.5,3.0,0.82,0.5,4.8,5.3,3.6,1.7,0.4,1.7,2.3,17.3
2026,NBA,Taj Gibson,gibsota01,40.0,MEM,C,10,1.0,9.7,1.2,2.6,0.462,0.3,0.6,0.5,0.9,2.0,0.45,0.519,0.7,0.8,0.875,1.1,1.6,2.7,0.6,0.2,0.1,0.1,1.4,3.4
2026,NBA,Josh Giddey,giddejo01,23.0,CHI,PG,54,51.0,32.1,5.9,13.3,0.448,1.9,5.2,0.364,4.0,8.0,0.502,0.52,3.2,4.2,0.763,1.2,7.1,8.3,9.1,1.0,0.5,3.6,1.7,17.0
2026,NBA,Keshon Gilbert,gilbeke01,22.0,2TM,SG,4,0.0,18.5,1.3,3.0,0.417,0.0,0.8,0.0,1.3,2.3,0.556,0.417,1.8,1.8,1.0,0.5,0.8,1.3,3.0,0.8,1.0,2.0,1.3,4.3
2026,NBA,Keshon Gilbert,gilbeke01,22.0,WAS,PG,3,0.0,16.0,0.3,1.3,0.25,0.0,0.7,0.0,0.3,0.7,0.5,0.25,1.3,1.3,1.0,0.7,1.0,1.7,1.0,0.7,1.3,2.0,1.0,2.0
2026,NBA,Keshon Gilbert,gilbeke01,22.0,ATL,SG,1,0.0,26.0,4.0,8.0,0.5,0.0,1.0,0.0,4.0,7.0,0.571,0.5,3.0,3.0,1.0,0.0,0.0,0.0,9.0,1.0,0.0,2.0,2.0,11.0
2026,NBA,Shai Gilgeous-Alexander,gilgesh01,27.0,OKC,PG,68,68.0,33.2,10.8,19.4,0.553,1.7,4.4,0.386,9.1,15.0,0.602,0.597,7.9,9.0,0.879,0.6,3.7,4.3,6.6,1.4,0.8,2.2,2.0,31.1
2026,NBA,Anthony Gill,gillan01,33.0,WAS,PF,55,8.0,17.3,2.5,3.9,0.628,0.3,0.9,0.354,2.1,3.0,0.707,0.667,0.6,0.8,0.739,1.1,1.8,2.9,1.3,0.6,0.4,0.7,1.6,5.8
2026,NBA,Collin Gillespie,gilleco01,26.0,PHO,PG,80,58.0,28.5,4.4,10.5,0.418,2.9,7.2,0.401,1.5,3.3,0.455,0.556,1.0,1.1,0.874,1.1,3.0,4.1,4.6,1.2,0.2,1.6,1.6,12.7
2026,NBA,Rudy Gobert,goberru01,33.0,MIN,C,76,76.0,31.3,4.4,6.5,0.682,0.0,0.1,0.0,4.4,6.4,0.689,0.682,2.1,4.0,0.526,3.9,7.5,11.5,1.7,0.8,1.6,1.4,2.6,10.9
2026,NBA,Vladislav Goldin,goldivl01,24.0,MIA,C,9,0.0,2.7,0.3,0.4,0.75,0.0,0.0,,0.3,0.4,0.75,0.75,0.1,0.1,1.0,0.3,0.7,1.0,0.3,0.0,0.3,0.3,0.6,0.8
2026,NBA,Hugo González,gonzahu01,19.0,BOS,SF,74,3.0,14.6,1.6,3.3,0.476,0.6,1.6,0.362,1.0,1.8,0.577,0.561,0.2,0.4,0.5,0.8,2.5,3.3,0.5,0.6,0.3,0.5,1.7,3.9
2026,NBA,Jordan Goodwin,goodwjo01,27.0,PHO,PG,70,10.0,22.5,3.3,7.9,0.413,1.6,4.3,0.371,1.7,3.6,0.462,0.514,0.6,0.8,0.696,2.0,2.9,4.9,2.2,1.5,0.2,1.0,1.9,8.7
2026,NBA,Aaron Gordon,gordoaa01,30.0,DEN,PF,36,33.0,27.9,5.5,11.1,0.497,1.7,4.4,0.389,3.8,6.7,0.568,0.574,3.5,4.5,0.767,1.4,4.4,5.8,2.7,0.6,0.3,1.1,1.7,16.2
2026,NBA,Eric Gordon,gordoer01,37.0,PHI,SG,6,0.0,12.3,2.0,3.5,0.571,1.3,2.3,0.571,0.7,1.2,0.571,0.762,0.2,0.3,0.5,0.2,0.2,0.3,0.5,0.7,0.2,0.5,0.5,5.5
2026,NBA,Jerami Grant,grantje01,31.0,POR,PF,57,38.0,29.7,5.8,12.8,0.453,2.4,6.1,0.389,3.4,6.7,0.513,0.547,4.6,5.6,0.814,1.0,2.5,3.5,2.1,0.7,0.6,2.1,2.5,18.6
2026,NBA,Hayden Gray,grayha01,22.0,UTA,,1,0.0,25.0,2.0,3.0,0.667,0.0,1.0,0.0,2.0,2.0,1.0,0.667,2.0,2.0,1.0,0.0,0.0,0.0,1.0,1.0,1.0,1.0,0.0,6.0
2026,NBA,A.J. Green,greenaj01,26.0,MIL,SG,78,68.0,29.1,3.4,7.9,0.424,3.0,7.1,0.419,0.4,0.8,0.469,0.612,0.7,0.8,0.855,0.4,2.4,2.7,1.9,0.5,0.1,1.0,2.3,10.4
2026,NBA,Draymond Green,greendr01,35.0,GSW,PF,68,68.0,27.5,3.0,7.2,0.418,1.5,4.6,0.326,1.5,2.7,0.575,0.52,0.9,1.2,0.702,0.8,4.7,5.5,5.5,0.9,0.6,2.7,2.9,8.4
2026,NBA,Javonte Green,greenja02,32.0,DET,SG,82,6.0,17.6,2.3,5.0,0.447,1.1,3.0,0.381,1.1,2.0,0.545,0.56,1.3,1.5,0.84,0.8,2.0,2.8,0.7,1.2,0.3,0.5,1.3,6.9
2026,NBA,Jalen Green,greenja05,23.0,PHO,SG,32,27.0,25.9,6.8,16.0,0.422,2.2,7.1,0.313,4.5,8.9,0.509,0.491,2.0,2.7,0.747,0.5,3.1,3.6,2.8,1.1,0.3,2.3,1.3,17.8
2026,NBA,Jeff Green,greenje02,39.0,HOU,PF,30,0.0,5.8,0.8,2.3,0.368,0.4,1.5,0.273,0.4,0.8,0.542,0.456,0.2,0.2,1.0,0.2,0.6,0.8,0.3,0.1,0.1,0.1,0.4,2.2
2026,NBA,Josh Green,greenjo02,25.0,CHO,SG,58,0.0,15.7,1.4,3.1,0.459,1.0,2.4,0.42,0.4,0.7,0.581,0.619,0.4,0.5,0.893,0.8,1.0,1.8,0.8,0.6,0.1,0.6,1.1,4.3
2026,NBA,Quentin Grimes,grimequ01,25.0,PHI,SG,75,19.0,29.4,4.5,10.1,0.45,1.7,5.1,0.334,2.8,5.0,0.568,0.534,2.7,3.2,0.84,0.6,3.0,3.6,3.3,0.9,0.4,1.8,2.1,13.4
2026,NBA,Mouhamadou Gueye,gueyemo01,27.0,CHI,PF,2,0.0,22.5,3.0,5.5,0.545,0.5,2.5,0.2,2.5,3.0,0.833,0.591,1.5,2.0,0.75,1.0,2.0,3.0,3.0,1.0,0.5,1.5,2.0,8.0
2026,NBA,Mouhamed Gueye,gueyemo02,23.0,ATL,PF,77,8.0,15.3,1.7,3.8,0.452,0.5,1.7,0.308,1.2,2.1,0.569,0.521,0.5,0.8,0.645,1.2,2.4,3.6,0.9,0.8,0.5,0.4,1.6,4.4
2026,NBA,Rui Hachimura,hachiru01,27.0,LAL,PF,68,41.0,28.3,4.5,8.8,0.514,1.7,3.9,0.443,2.8,4.9,0.57,0.611,0.7,1.1,0.694,0.6,2.7,3.3,0.8,0.6,0.3,0.6,1.6,11.5
2026,NBA,PJ Hall,hallpj01,23.0,2TM,C,19,2.0,11.3,1.6,3.1,0.508,0.2,0.3,0.6,1.4,2.8,0.5,0.534,1.2,1.5,0.793,1.7,2.2,3.9,0.5,0.2,0.5,0.8,1.2,4.5
2026,NBA,PJ Hall,hallpj01,23.0,MEM,C,7,0.0,3.9,0.7,1.3,0.556,0.1,0.4,0.333,0.6,0.9,0.667,0.611,0.3,0.4,0.667,0.4,0.9,1.3,0.3,0.0,0.3,0.1,0.4,1.9
2026,NBA,PJ Hall,hallpj01,23.0,CHO,C,12,2.0,15.6,2.1,4.2,0.5,0.2,0.2,1.0,1.9,4.0,0.479,0.52,1.8,2.2,0.808,2.5,3.0,5.5,0.7,0.3,0.7,1.3,1.6,6.1
2026,NBA,Tim Hardaway Jr.,hardati02,33.0,DEN,SG,80,6.0,26.6,4.4,9.7,0.447,2.8,6.9,0.407,1.6,2.9,0.541,0.591,2.0,2.5,0.811,0.2,2.4,2.6,1.4,0.5,0.1,0.5,1.3,13.5
2026,NBA,James Harden,hardeja01,36.0,2TM,PG,70,70.0,34.8,7.0,16.0,0.434,3.1,8.2,0.375,3.9,7.9,0.495,0.529,6.6,7.5,0.884,0.6,4.2,4.8,8.0,1.1,0.4,3.5,2.0,23.6
2026,NBA,James Harden,hardeja01,36.0,LAC,PG,44,44.0,35.4,7.3,17.5,0.419,3.1,8.8,0.347,4.3,8.7,0.492,0.506,7.7,8.5,0.901,0.6,4.2,4.8,8.1,1.3,0.4,3.7,1.9,25.4
2026,NBA,James Harden,hardeja01,36.0,CLE,PG,26,26.0,33.8,6.3,13.5,0.466,3.1,7.1,0.435,3.2,6.5,0.5,0.58,4.8,5.8,0.84,0.5,4.3,4.8,7.7,0.8,0.5,3.2,2.1,20.5
2026,NBA,Jaden Hardy,hardyja02,23.0,2TM,SG,57,4.0,15.8,3.2,7.5,0.424,1.8,4.6,0.397,1.4,2.9,0.467,0.545,1.0,1.3,0.733,0.3,1.2,1.5,1.0,0.3,0.1,1.1,1.6,9.2
2026,NBA,Jaden Hardy,hardyja02,23.0,DAL,SG,34,4.0,12.6,2.3,5.7,0.402,1.4,3.6,0.371,0.9,2.1,0.457,0.521,0.9,1.2,0.775,0.3,1.1,1.4,0.9,0.3,0.1,0.8,1.1,6.9
2026,NBA,Jaden Hardy,hardyja02,23.0,WAS,SG,23,0.0,20.4,4.5,10.2,0.443,2.5,6.0,0.42,2.0,4.2,0.474,0.566,1.0,1.5,0.686,0.2,1.5,1.7,1.3,0.3,0.2,1.5,2.2,12.6
2026,NBA,Elijah Harkless,harklej01,25.0,UTA,SG,26,9.0,21.0,2.1,6.2,0.335,0.8,3.4,0.239,1.3,2.8,0.452,0.401,1.9,2.5,0.766,0.4,1.7,2.0,2.9,1.2,0.2,1.0,2.0,6.8
2026,NBA,Dylan Harper,harpedy01,19.0,SAS,SG,69,4.0,22.6,4.8,9.5,0.505,0.9,2.6,0.343,3.9,6.9,0.565,0.551,1.3,1.7,0.756,0.8,2.6,3.4,3.9,0.8,0.3,1.4,2.0,11.8
2026,NBA,Ron Harper Jr.,harpero02,25.0,BOS,SF,29,3.0,11.0,1.6,3.8,0.418,1.0,2.8,0.35,0.6,1.0,0.6,0.545,0.1,0.1,0.75,0.5,1.1,1.7,0.8,0.3,0.3,0.3,0.7,4.2
2026,NBA,Gary Harris,harriga01,31.0,MIL,SG,48,2.0,13.8,1.0,2.2,0.442,0.6,1.4,0.412,0.4,0.8,0.5,0.577,0.2,0.2,0.889,0.3,0.9,1.3,1.1,0.6,0.2,0.4,1.1,2.7
2026,NBA,Tobias Harris,harrito02,33.0,DET,PF,63,63.0,27.7,4.9,10.5,0.469,1.3,3.5,0.368,3.6,6.9,0.521,0.531,2.2,2.5,0.866,0.9,4.3,5.1,2.5,0.9,0.4,1.0,1.7,13.3
2026,NBA,Isaiah Hartenstein,harteis01,27.0,OKC,C,47,46.0,24.2,3.9,6.3,0.622,0.0,0.1,0.0,3.9,6.1,0.637,0.622,1.4,2.2,0.61,3.2,6.3,9.4,3.5,1.0,0.8,1.7,2.5,9.2
2026,NBA,Josh Hart,hartjo01,30.0,NYK,SF,66,52.0,30.2,4.6,9.0,0.508,1.5,3.7,0.413,3.0,5.3,0.574,0.593,1.4,1.9,0.72,1.4,6.0,7.4,4.8,1.1,0.3,1.9,2.5,12.0
2026,NBA,Sam Hauser,hausesa01,28.0,BOS,PF,78,49.0,24.8,3.2,7.7,0.419,2.5,6.5,0.393,0.7,1.2,0.557,0.584,0.2,0.3,0.85,0.7,3.1,3.8,1.5,0.5,0.3,0.4,1.4,9.2
2026,NBA,Jordan Hawkins,hawkijo01,23.0,NOP,SG,51,1.0,13.6,1.8,5.0,0.366,0.9,2.6,0.348,0.9,2.4,0.385,0.457,0.5,0.5,0.852,0.4,1.3,1.7,0.8,0.3,0.2,0.7,0.6,5.1
2026,NBA,Jaxson Hayes,hayesja02,25.0,LAL,C,66,9.0,18.3,3.0,4.0,0.756,0.0,0.0,1.0,3.0,3.9,0.753,0.761,1.5,2.3,0.653,1.5,2.6,4.1,0.9,0.4,0.8,0.5,1.9,7.5
2026,NBA,Killian Hayes,hayeski01,24.0,SAC,PG,23,3.0,17.7,1.8,6.0,0.304,0.7,2.7,0.27,1.1,3.3,0.333,0.366,1.1,1.2,0.929,0.2,2.2,2.3,3.5,0.9,0.2,1.2,1.6,5.5
2026,NBA,Nigel Hayes-Davis,hayesni01,31.0,PHO,SF,27,0.0,7.2,0.6,1.7,0.326,0.1,0.6,0.125,0.5,1.1,0.433,0.348,0.1,0.1,0.5,0.4,0.8,1.2,0.3,0.3,0.1,0.3,0.6,1.3
2026,NBA,Scoot Henderson,hendesc01,21.0,POR,PG,30,10.0,24.9,4.8,11.4,0.418,1.9,5.4,0.352,2.9,6.0,0.478,0.501,2.8,3.3,0.84,0.6,2.1,2.7,3.7,0.9,0.3,2.4,2.8,14.2
2026,NBA,Taylor Hendricks,hendrta01,22.0,2TM,PF,59,17.0,18.9,2.8,6.0,0.459,1.1,3.1,0.342,1.7,2.9,0.585,0.548,0.8,1.2,0.681,1.1,2.6,3.7,0.9,0.8,0.5,0.8,1.7,7.4
2026,NBA,Taylor Hendricks,hendrta01,22.0,UTA,PF,33,6.0,14.9,1.8,3.9,0.453,0.7,2.1,0.343,1.0,1.8,0.586,0.547,0.7,1.0,0.719,0.9,2.1,3.0,0.7,0.4,0.2,0.6,1.2,4.9
2026,NBA,Taylor Hendricks,hendrta01,22.0,MEM,PF,26,11.0,24.1,4.0,8.7,0.463,1.5,4.4,0.342,2.5,4.3,0.584,0.548,1.0,1.5,0.65,1.4,3.3,4.7,1.2,1.4,0.8,1.2,2.3,10.6
2026,NBA,Chucky Hepburn,hepbuch01,22.0,TOR,PG,2,0.0,6.5,0.0,3.0,0.0,0.0,2.5,0.0,0.0,0.5,0.0,0.0,0.0,0.0,,0.0,0.5,0.5,1.0,0.5,0.0,0.5,1.0,0.0
2026,NBA,Tyler Herro,herroty01,26.0,MIA,SG,33,28.0,31.3,7.5,15.6,0.48,2.5,6.7,0.378,4.9,8.9,0.556,0.561,3.0,3.3,0.917,0.4,4.4,4.8,4.1,0.7,0.4,1.9,1.9,20.5
2026,NBA,Buddy Hield,hieldbu01,33.0,2TM,SG,51,3.0,16.1,2.8,6.4,0.437,1.5,4.2,0.349,1.4,2.3,0.6,0.55,0.6,0.7,0.811,0.5,1.7,2.3,1.4,0.8,0.2,0.9,1.1,7.6
2026,NBA,Buddy Hield,hieldbu01,33.0,GSW,SG,44,3.0,17.5,3.0,6.8,0.433,1.5,4.4,0.344,1.4,2.4,0.6,0.545,0.6,0.8,0.794,0.6,1.9,2.5,1.5,0.8,0.2,1.0,1.3,8.0
2026,NBA,Buddy Hield,hieldbu01,33.0,ATL,SG,7,0.0,7.3,1.9,3.9,0.481,1.0,2.4,0.412,0.9,1.4,0.6,0.611,0.4,0.4,1.0,0.1,1.0,1.1,0.7,0.3,0.0,0.9,0.1,5.1
2026,NBA,Haywood Highsmith,highsha01,29.0,PHO,SF,7,0.0,13.0,1.7,3.3,0.522,1.1,2.0,0.571,0.6,1.3,0.444,0.696,0.9,1.0,0.857,0.9,1.0,1.9,1.0,0.6,0.0,0.0,1.3,5.4
2026,NBA,Blake Hinson,hinsobl01,26.0,UTA,SF,14,3.0,20.4,4.2,8.2,0.513,2.6,5.6,0.468,1.6,2.6,0.611,0.674,0.9,1.1,0.75,0.8,1.6,2.4,1.1,0.4,0.1,0.4,1.7,11.9
2026,NBA,Aaron Holiday,holidaa01,29.0,HOU,PG,57,1.0,13.7,1.8,4.4,0.417,1.2,3.0,0.394,0.7,1.4,0.463,0.55,0.6,0.7,0.854,0.2,0.8,1.0,1.1,0.5,0.1,0.7,1.3,5.5
2026,NBA,Jrue Holiday,holidjr01,35.0,POR,PG,53,51.0,29.4,6.0,13.4,0.451,2.6,6.8,0.378,3.5,6.5,0.527,0.548,1.7,2.0,0.838,1.3,3.3,4.6,6.1,1.0,0.1,2.8,1.5,16.3
2026,NBA,Ron Holland,hollaro01,20.0,DET,SF,78,5.0,19.9,3.0,7.0,0.432,0.6,2.5,0.253,2.4,4.4,0.535,0.478,1.5,1.9,0.805,1.1,3.0,4.0,1.2,1.2,0.3,1.2,2.3,8.2
2026,NBA,DaRon Holmes,holmeda01,23.0,DEN,PF,25,6.0,8.4,1.2,2.4,0.508,0.8,1.8,0.444,0.4,0.6,0.688,0.672,0.4,0.6,0.786,0.3,1.1,1.4,0.6,0.0,0.2,0.5,0.8,3.7
2026,NBA,Chet Holmgren,holmgch01,23.0,OKC,PF,69,69.0,28.9,6.3,11.3,0.557,1.3,3.5,0.362,5.0,7.8,0.646,0.614,3.3,4.1,0.792,1.9,7.0,8.9,1.7,0.6,1.9,1.6,2.3,17.1
2026,NBA,Al Horford,horfoal01,39.0,GSW,C,45,13.0,21.5,3.1,7.2,0.426,1.6,4.6,0.361,1.4,2.6,0.538,0.54,0.5,0.6,0.846,1.0,3.9,4.9,2.6,0.7,1.1,0.9,1.1,8.3
2026,NBA,Caleb Houstan,houstca01,23.0,ATL,SF,18,0.0,4.2,0.8,1.4,0.538,0.6,1.2,0.524,0.2,0.3,0.6,0.75,0.2,0.2,1.0,0.3,0.3,0.6,0.2,0.1,0.1,0.2,0.6,2.3
2026,NBA,Jett Howard,howarje01,22.0,ORL,SF,55,0.0,12.6,1.9,4.6,0.418,1.0,2.6,0.372,0.9,1.9,0.481,0.526,0.7,0.7,0.949,0.4,1.2,1.6,0.8,0.2,0.2,0.3,1.2,5.5
2026,NBA,Kevin Huerter,huertke01,27.0,2TM,SF,69,14.0,22.4,3.9,8.6,0.451,1.4,4.7,0.308,2.4,3.9,0.624,0.535,0.8,1.0,0.775,0.5,3.0,3.5,2.6,0.9,0.5,1.0,1.7,10.0
2026,NBA,Kevin Huerter,huertke01,27.0,CHI,SF,44,11.0,23.6,4.2,9.2,0.455,1.6,5.1,0.314,2.6,4.1,0.63,0.542,0.9,1.3,0.732,0.5,3.3,3.8,2.6,0.8,0.6,1.1,1.9,10.9
2026,NBA,Kevin Huerter,huertke01,27.0,DET,SG,25,3.0,20.5,3.4,7.7,0.443,1.2,4.1,0.294,2.2,3.6,0.611,0.521,0.6,0.6,0.933,0.4,2.4,2.8,2.5,1.1,0.3,0.9,1.2,8.6
2026,NBA,Jay Huff,huffja01,27.0,IND,C,82,47.0,21.0,3.5,7.5,0.476,1.5,4.5,0.319,2.1,2.9,0.723,0.574,1.0,1.2,0.828,0.9,3.1,4.0,1.5,0.5,1.9,0.9,2.4,9.5
2026,NBA,Ariel Hukporti,hukpoar01,23.0,NYK,C,54,5.0,9.2,0.8,1.5,0.563,0.0,0.1,0.25,0.8,1.4,0.579,0.569,0.5,0.6,0.788,1.0,1.9,2.9,0.5,0.2,0.5,0.6,1.2,2.2
2026,NBA,De'Andre Hunter,huntede01,28.0,2TM,SF,45,25.0,26.1,4.6,11.1,0.415,1.7,5.5,0.305,3.0,5.7,0.522,0.49,2.8,3.2,0.867,0.7,3.4,4.1,2.0,0.7,0.1,1.7,2.5,13.7
2026,NBA,De'Andre Hunter,huntede01,28.0,CLE,SF,43,23.0,26.2,4.7,11.2,0.423,1.7,5.5,0.308,3.0,5.7,0.535,0.499,2.8,3.2,0.869,0.7,3.6,4.2,2.1,0.7,0.1,1.7,2.5,14.0
2026,NBA,De'Andre Hunter,huntede01,28.0,SAC,SF,2,2.0,25.5,2.0,9.5,0.211,1.0,4.5,0.222,1.0,5.0,0.2,0.263,2.5,3.0,0.833,0.5,1.0,1.5,0.5,0.0,0.0,2.0,2.5,7.5
2026,NBA,CJ Huntley,huntlcj01,24.0,PHO,SF,4,0.0,10.0,1.5,2.8,0.545,0.0,0.8,0.0,1.5,2.0,0.75,0.545,0.0,0.0,,0.5,0.8,1.3,0.5,0.3,0.0,0.0,0.5,3.0
2026,NBA,Bones Hyland,hylanbo01,25.0,MIN,PG,71,3.0,16.6,3.0,6.6,0.453,1.6,4.2,0.388,1.4,2.4,0.568,0.577,0.9,1.2,0.78,0.3,1.5,1.8,2.6,0.6,0.2,1.0,1.7,8.5
2026,NBA,Oso Ighodaro,ighodos01,23.0,PHO,PF,82,24.0,22.0,2.9,4.5,0.653,0.0,0.0,0.0,2.9,4.5,0.655,0.653,0.6,1.4,0.453,1.7,3.4,5.1,2.3,0.9,0.7,1.2,2.7,6.5
2026,NBA,Joe Ingles,inglejo01,38.0,MIN,SF,27,2.0,5.7,0.6,1.0,0.593,0.3,0.6,0.438,0.3,0.4,0.818,0.722,0.1,0.1,1.0,0.0,0.7,0.7,1.3,0.3,0.1,0.5,0.3,1.5
2026,NBA,Brandon Ingram,ingrabr01,28.0,TOR,SF,77,77.0,33.8,8.0,16.7,0.477,1.8,4.6,0.382,6.2,12.1,0.512,0.529,3.8,4.6,0.82,0.8,4.8,5.6,3.7,0.8,0.7,2.4,1.9,21.5
2026,NBA,Harrison Ingram,ingraha01,23.0,SAS,SF,7,0.0,3.7,0.7,0.9,0.833,0.1,0.1,1.0,0.6,0.7,0.8,0.917,0.0,0.0,,0.4,0.0,0.4,0.1,0.0,0.0,0.1,0.3,1.6
2026,NBA,Jonathan Isaac,isaacjo01,28.0,ORL,PF,52,0.0,10.0,0.9,2.1,0.422,0.1,0.7,0.184,0.8,1.4,0.549,0.454,0.7,1.1,0.603,0.8,1.7,2.5,0.4,0.4,0.6,0.3,0.8,2.6
2026,NBA,Jaden Ivey,iveyja01,23.0,2TM,SG,37,5.0,18.1,3.1,6.9,0.445,1.4,3.6,0.373,1.7,3.3,0.525,0.543,1.0,1.3,0.809,0.6,1.8,2.5,1.8,0.6,0.4,1.1,1.4,8.5
2026,NBA,Jaden Ivey,iveyja01,23.0,DET,SG,33,2.0,16.8,3.0,6.7,0.45,1.3,3.4,0.372,1.7,3.2,0.533,0.545,0.9,1.2,0.789,0.6,1.6,2.2,1.6,0.5,0.4,1.1,1.3,8.2
2026,NBA,Jaden Ivey,iveyja01,23.0,CHI,SG,4,3.0,28.8,3.8,9.0,0.417,2.0,5.3,0.381,1.8,3.8,0.467,0.528,2.0,2.3,0.889,1.3,3.5,4.8,4.0,2.0,0.5,1.5,2.3,11.5
2026,NBA,Andre Jackson Jr.,jacksan01,24.0,MIL,SG,48,1.0,8.5,0.8,2.5,0.328,0.3,1.3,0.25,0.5,1.2,0.407,0.391,0.4,0.7,0.625,0.5,1.0,1.5,0.9,0.4,0.1,0.6,0.9,2.4
2026,NBA,GG Jackson II,jacksgg01,21.0,MEM,PF,55,28.0,21.4,4.6,9.3,0.496,1.2,3.5,0.332,3.5,5.8,0.595,0.558,2.0,2.7,0.742,0.9,3.4,4.3,1.5,0.6,0.8,1.5,1.4,12.5
2026,NBA,Isaiah Jackson,jacksis01,24.0,2TM,C,55,14.0,16.5,2.7,4.3,0.637,0.0,0.1,0.0,2.7,4.3,0.645,0.637,1.2,1.9,0.648,2.1,3.2,5.3,0.9,0.7,0.9,1.1,2.7,6.7
2026,NBA,Isaiah Jackson,jacksis01,24.0,IND,C,38,14.0,16.8,2.5,4.3,0.582,0.0,0.0,0.0,2.5,4.3,0.585,0.582,1.3,1.9,0.689,2.3,3.3,5.6,0.8,0.7,0.8,1.1,2.8,6.4
2026,NBA,Isaiah Jackson,jacksis01,24.0,LAC,C,17,0.0,15.9,3.2,4.2,0.764,0.0,0.1,0.0,3.2,4.1,0.786,0.764,1.0,1.8,0.548,1.6,3.1,4.6,1.2,0.6,1.2,0.9,2.3,7.5
2026,NBA,Jaren Jackson Jr.,jacksja02,26.0,2TM,C,48,48.0,30.3,7.1,15.0,0.476,1.8,4.9,0.357,5.4,10.1,0.533,0.534,3.4,4.2,0.803,0.9,4.8,5.7,2.0,1.1,1.4,2.2,3.7,19.4
2026,NBA,Jaren Jackson Jr.,jacksja02,26.0,MEM,C,45,45.0,30.7,7.1,14.9,0.475,1.8,4.9,0.359,5.3,10.0,0.531,0.534,3.3,4.2,0.797,0.9,4.8,5.8,1.9,1.0,1.5,2.2,3.8,19.2
2026,NBA,Jaren Jackson Jr.,jacksja02,26.0,UTA,C,3,3.0,24.0,8.0,16.3,0.49,1.7,5.0,0.333,6.3,11.3,0.559,0.541,4.7,5.3,0.875,0.3,4.0,4.3,2.7,2.0,0.3,2.3,3.0,22.3
2026,NBA,Quenton Jackson,jacksqu01,27.0,IND,PG,49,19.0,18.3,3.1,6.7,0.47,0.9,2.4,0.356,2.3,4.3,0.533,0.534,2.0,2.4,0.824,0.6,1.8,2.3,2.9,0.6,0.1,1.3,1.7,9.1
2026,NBA,Trayce Jackson-Davis,jackstr02,25.0,2TM,C,53,1.0,9.4,1.3,2.3,0.573,0.0,0.0,1.0,1.3,2.3,0.569,0.577,0.7,1.4,0.514,1.2,1.5,2.7,0.7,0.3,0.5,0.4,0.8,3.4
2026,NBA,Trayce Jackson-Davis,jackstr02,25.0,GSW,C,36,1.0,11.4,1.7,2.8,0.588,0.0,0.0,1.0,1.6,2.8,0.584,0.593,0.8,1.4,0.558,1.3,1.8,3.1,0.9,0.4,0.5,0.5,1.1,4.2
2026,NBA,Trayce Jackson-Davis,jackstr02,25.0,TOR,C,17,0.0,5.0,0.6,1.3,0.5,0.0,0.0,,0.6,1.3,0.5,0.5,0.5,1.3,0.409,1.1,0.8,1.9,0.4,0.2,0.3,0.2,0.3,1.8
2026,NBA,Kasparas Jakučionis,jakucka01,19.0,MIA,PG,53,12.0,17.8,1.9,4.5,0.429,1.2,2.9,0.423,0.7,1.5,0.439,0.567,1.1,1.2,0.879,0.8,1.8,2.6,2.6,0.6,0.1,0.9,1.9,6.2
2026,NBA,Bronny James,jamesbr02,21.0,LAL,SG,42,1.0,8.9,1.1,2.7,0.409,0.5,1.4,0.386,0.6,1.4,0.431,0.504,0.1,0.2,0.857,0.1,0.4,0.5,1.2,0.5,0.1,0.6,0.7,2.9
2026,NBA,LeBron James,jamesle01,41.0,LAL,SF,60,60.0,33.2,7.9,15.3,0.515,1.3,4.1,0.317,6.6,11.3,0.586,0.557,3.9,5.3,0.737,0.7,5.4,6.1,7.2,1.2,0.6,3.0,1.4,20.9
2026,NBA,Sion James,jamessi01,23.0,CHO,SG,82,19.0,22.5,1.7,4.5,0.371,1.0,2.9,0.352,0.7,1.7,0.404,0.483,1.0,1.2,0.837,0.6,2.9,3.5,2.0,0.6,0.2,0.8,1.8,5.4
2026,NBA,Jaime Jaquez Jr.,jaqueja01,24.0,MIA,SF,75,1.0,28.3,6.2,12.2,0.507,0.8,2.4,0.317,5.4,9.8,0.555,0.539,2.2,2.9,0.769,1.3,3.7,5.0,4.7,0.7,0.3,2.0,1.8,15.4
2026,NBA,DeJon Jarreau,jarrede01,28.0,MEM,SG,11,0.0,21.0,3.0,7.5,0.398,0.4,2.7,0.133,2.6,4.8,0.547,0.422,1.6,2.1,0.783,1.1,3.5,4.6,3.3,0.9,0.7,2.4,2.5,8.0
2026,NBA,DaQuan Jeffries,jeffrda01,28.0,SAC,SG,3,0.0,20.0,3.7,6.3,0.579,1.3,3.0,0.444,2.3,3.3,0.7,0.684,1.7,1.7,1.0,1.0,0.7,1.7,0.3,0.7,0.0,0.0,3.0,10.3
2026,NBA,Trey Jemison,jemistr01,26.0,NYK,C,13,0.0,6.3,0.5,0.8,0.6,0.0,0.0,,0.5,0.8,0.6,0.6,0.1,0.1,1.0,0.6,0.8,1.4,0.4,0.1,0.2,0.8,0.8,1.0
2026,NBA,Daniss Jenkins,jenkida01,24.0,DET,PG,72,19.0,20.2,3.2,7.9,0.408,1.0,2.7,0.374,2.2,5.2,0.426,0.473,1.9,2.2,0.832,0.7,1.6,2.3,3.9,0.9,0.2,1.6,1.5,9.3
2026,NBA,Ty Jerome,jeromty01,28.0,MEM,SG,15,15.0,22.6,6.8,14.3,0.474,2.8,6.7,0.42,4.0,7.7,0.522,0.572,3.3,3.7,0.875,0.7,2.1,2.8,5.7,1.1,0.3,1.8,2.1,19.7
2026,NBA,Isaiah Joe,joeis01,26.0,OKC,SG,71,9.0,21.2,3.5,7.6,0.455,2.5,6.0,0.423,0.9,1.6,0.574,0.622,1.5,1.7,0.894,0.5,2.1,2.5,1.3,0.7,0.2,0.6,1.7,11.1
2026,NBA,AJ Johnson,johnsaj01,21.0,2TM,SG,48,0.0,9.5,1.2,3.7,0.324,0.3,1.2,0.211,0.9,2.5,0.378,0.358,0.7,0.8,0.85,0.3,0.9,1.1,1.0,0.2,0.1,0.6,0.6,3.3
2026,NBA,AJ Johnson,johnsaj01,21.0,WAS,SG,25,0.0,8.6,1.1,3.3,0.325,0.3,1.0,0.28,0.8,2.3,0.345,0.367,0.4,0.5,0.75,0.3,0.9,1.2,0.9,0.3,0.0,0.7,0.6,2.8
2026,NBA,AJ Johnson,johnsaj01,21.0,DAL,SG,23,0.0,10.4,1.3,4.0,0.323,0.2,1.4,0.156,1.1,2.7,0.41,0.349,1.1,1.2,0.893,0.3,0.8,1.0,1.1,0.2,0.1,0.5,0.7,3.9
2026,NBA,Cameron Johnson,johnsca02,29.0,DEN,SF,54,54.0,30.5,4.2,8.8,0.48,2.0,4.7,0.43,2.2,4.1,0.539,0.596,1.7,2.1,0.839,0.8,3.0,3.8,2.4,0.7,0.4,0.9,2.3,12.2
2026,NBA,Chaney Johnson,johnsch06,23.0,BRK,SF,17,1.0,20.5,3.0,5.5,0.543,0.5,1.8,0.3,2.5,3.8,0.656,0.59,1.6,2.1,0.8,1.9,2.7,4.6,2.1,0.9,0.5,1.2,3.0,8.2
2026,NBA,Jalen Johnson,johnsja05,24.0,ATL,SF,72,72.0,35.2,8.3,17.1,0.489,1.7,4.7,0.352,6.7,12.3,0.541,0.537,4.2,5.3,0.788,1.4,8.9,10.3,7.9,1.2,0.4,3.4,2.1,22.5
2026,NBA,Keldon Johnson,johnske04,26.0,SAS,SF,82,0.0,23.3,5.0,9.7,0.519,1.2,3.3,0.363,3.8,6.4,0.601,0.582,1.9,2.4,0.794,1.7,3.7,5.4,1.4,0.6,0.1,0.9,2.0,13.2
2026,NBA,Keshad Johnson,johnske10,24.0,MIA,SF,32,0.0,8.8,1.6,3.3,0.49,0.4,1.4,0.295,1.2,1.9,0.633,0.553,0.7,0.9,0.724,0.8,1.1,1.9,0.3,0.5,0.3,0.4,0.9,4.3
2026,NBA,Tre Johnson,johnstr03,19.0,WAS,SG,60,42.0,24.1,4.5,10.8,0.419,1.9,5.4,0.358,2.6,5.4,0.479,0.508,1.3,1.5,0.874,0.5,2.4,2.8,2.0,0.6,0.3,1.6,2.0,12.2
2026,NBA,Nikola Jokić,jokicni01,30.0,DEN,C,65,65.0,34.8,9.9,17.4,0.569,1.7,4.5,0.38,8.2,12.9,0.636,0.618,6.1,7.4,0.831,3.0,9.9,12.9,10.7,1.4,0.8,3.7,2.7,27.7
2026,NBA,Colby Jones,jonesco02,23.0,DET,SG,1,0.0,7.0,1.0,3.0,0.333,0.0,2.0,0.0,1.0,1.0,1.0,0.333,0.0,0.0,,0.0,4.0,4.0,2.0,0.0,0.0,0.0,1.0,2.0
2026,NBA,Curtis Jones,jonescu01,24.0,DEN,SG,10,0.0,8.8,1.1,2.7,0.407,0.6,1.8,0.333,0.5,0.9,0.556,0.519,0.1,0.2,0.5,0.2,0.9,1.1,1.0,0.4,0.0,0.2,0.6,2.9
2026,NBA,David Jones García,jonesda06,24.0,SAS,SF,11,0.0,6.2,1.2,2.3,0.52,0.3,0.5,0.6,0.9,1.8,0.5,0.58,0.3,0.5,0.5,0.4,0.8,1.2,1.6,0.5,0.1,0.5,0.5,2.9
2026,NBA,Derrick Jones Jr.,jonesde02,28.0,LAC,SF,50,45.0,27.0,3.8,7.6,0.499,1.1,3.1,0.359,2.7,4.5,0.593,0.571,1.4,1.9,0.763,1.2,2.2,3.5,1.4,0.9,1.0,0.8,2.1,10.1
2026,NBA,Dillon Jones,jonesdi01,24.0,NYK,SF,7,0.0,5.6,0.3,1.3,0.222,0.1,0.7,0.2,0.1,0.6,0.25,0.278,0.6,0.6,1.0,0.3,0.7,1.0,0.6,0.4,0.0,0.0,0.9,1.3
2026,NBA,Herbert Jones,joneshe01,27.0,NOP,SF,56,56.0,28.4,3.3,8.5,0.383,1.4,4.6,0.309,1.8,3.9,0.47,0.467,0.9,1.1,0.806,0.8,2.6,3.4,2.8,1.6,0.5,1.3,3.2,8.9
2026,NBA,Isaac Jones,jonesis01,25.0,2TM,PF,7,1.0,5.1,0.4,1.0,0.429,0.0,0.3,0.0,0.4,0.7,0.6,0.429,0.4,0.6,0.75,0.3,0.4,0.7,0.1,0.0,0.1,0.1,0.6,1.3
2026,NBA,Isaac Jones,jonesis01,25.0,SAC,PF,3,1.0,5.7,0.3,0.7,0.5,0.0,0.3,0.0,0.3,0.3,1.0,0.5,0.3,0.7,0.5,0.7,0.0,0.7,0.3,0.0,0.0,0.0,1.3,1.0
2026,NBA,Isaac Jones,jonesis01,25.0,DET,PF,4,0.0,4.8,0.5,1.3,0.4,0.0,0.3,0.0,0.5,1.0,0.5,0.4,0.5,0.5,1.0,0.0,0.8,0.8,0.0,0.0,0.3,0.3,0.0,1.5
2026,NBA,Kam Jones,joneska03,23.0,IND,SG,37,7.0,16.6,1.8,4.6,0.402,0.6,2.0,0.293,1.2,2.5,0.489,0.467,0.1,0.2,0.5,0.4,1.2,1.6,3.2,0.5,0.0,1.0,1.1,4.4
2026,NBA,Spencer Jones,jonessp01,24.0,DEN,SF,64,37.0,22.1,2.1,4.1,0.504,0.9,2.3,0.396,1.2,1.8,0.636,0.613,0.5,0.8,0.608,1.2,2.1,3.3,0.8,0.8,0.5,0.5,2.7,5.5
2026,NBA,Tre Jones,jonestr01,26.0,CHI,PG,65,41.0,27.0,5.2,9.5,0.553,0.6,2.0,0.315,4.6,7.5,0.616,0.586,2.9,3.5,0.841,0.6,2.6,3.1,5.4,1.2,0.2,1.4,1.4,14.1
2026,NBA,Tyus Jones,jonesty01,29.0,3TM,PG,67,12.0,14.6,1.1,3.3,0.349,0.6,2.0,0.292,0.5,1.2,0.444,0.44,0.1,0.1,0.778,0.2,1.0,1.1,2.4,0.6,0.0,0.4,0.5,3.0
2026,NBA,Tyus Jones,jonesty01,29.0,ORL,PG,48,8.0,15.7,1.1,3.3,0.342,0.6,2.1,0.294,0.5,1.2,0.429,0.437,0.1,0.1,1.0,0.2,0.9,1.1,2.4,0.7,0.1,0.3,0.5,3.0
2026,NBA,Tyus Jones,jonesty01,29.0,DAL,PG,8,2.0,16.6,1.6,4.3,0.382,0.5,2.4,0.211,1.1,1.9,0.6,0.441,0.1,0.3,0.5,0.1,1.0,1.1,3.8,0.4,0.0,0.6,0.6,3.9
2026,NBA,Tyus Jones,jonesty01,29.0,DEN,PG,11,2.0,8.4,0.8,2.4,0.346,0.5,1.5,0.375,0.3,0.9,0.3,0.462,0.0,0.1,0.0,0.2,1.1,1.3,1.2,0.1,0.0,0.5,0.1,2.2
2026,NBA,DeAndre Jordan,jordade01,37.0,NOP,C,12,7.0,16.6,1.8,2.7,0.656,0.0,0.0,,1.8,2.7,0.656,0.656,0.9,1.4,0.647,2.2,4.2,6.3,0.9,0.3,0.8,0.8,1.3,4.4
2026,NBA,Nikola Jović,jovicni01,22.0,MIA,PF,47,1.0,17.2,2.4,6.7,0.366,1.0,3.6,0.269,1.5,3.1,0.476,0.438,1.5,2.1,0.683,0.5,2.7,3.3,2.2,0.6,0.4,1.4,1.4,7.3
2026,NBA,Johnny Juzang,juzanjo01,24.0,MIN,SG,21,0.0,4.2,0.8,1.8,0.421,0.3,1.1,0.25,0.5,0.7,0.714,0.5,0.2,0.4,0.625,0.2,0.6,0.8,0.3,0.1,0.0,0.2,0.1,2.0
2026,NBA,Ryan Kalkbrenner,kalkbry01,24.0,CHO,C,69,31.0,21.4,3.2,4.2,0.753,0.0,0.1,0.0,3.2,4.1,0.766,0.753,1.2,1.7,0.716,2.4,3.0,5.5,0.8,0.5,1.5,0.9,1.6,7.6
2026,NBA,Yuki Kawamura,kawamyu01,24.0,CHI,PG,18,0.0,11.6,0.9,2.9,0.327,0.6,2.1,0.297,0.3,0.8,0.4,0.433,0.9,1.1,0.895,0.4,1.4,1.8,2.6,0.5,0.0,0.8,0.8,3.4
2026,NBA,Trevor Keels,keelstr01,22.0,MIA,SG,8,0.0,1.9,0.4,1.5,0.25,0.3,1.1,0.222,0.1,0.4,0.333,0.333,0.0,0.0,,0.0,0.3,0.3,0.0,0.1,0.0,0.0,0.0,1.0
2026,NBA,Miles Kelly,kellymi02,23.0,DAL,PG,14,0.0,9.6,1.1,3.1,0.364,0.7,2.4,0.303,0.4,0.8,0.545,0.477,0.1,0.1,1.0,0.4,1.4,1.7,0.9,0.3,0.1,0.4,0.9,3.1
2026,NBA,Luke Kennard,kennalu01,29.0,2TM,SG,78,6.0,21.6,3.0,5.7,0.533,1.5,3.1,0.478,1.5,2.5,0.601,0.665,0.8,0.9,0.913,0.4,1.9,2.3,2.2,0.7,0.1,0.8,1.3,8.4
2026,NBA,Luke Kennard,kennalu01,29.0,ATL,SG,46,0.0,20.5,2.8,5.2,0.538,1.6,3.2,0.497,1.2,2.0,0.604,0.692,0.7,0.8,0.914,0.4,1.7,2.2,2.1,0.7,0.1,0.7,1.2,7.9
2026,NBA,Luke Kennard,kennalu01,29.0,LAL,SG,32,6.0,23.0,3.3,6.3,0.527,1.3,3.0,0.448,2.0,3.3,0.598,0.633,1.0,1.1,0.912,0.4,2.2,2.6,2.4,0.7,0.1,0.9,1.5,9.0
2026,NBA,Jayson Kent,kentja01,23.0,POR,SF,5,0.0,4.4,0.8,1.4,0.571,0.2,0.8,0.25,0.6,0.6,1.0,0.643,0.2,0.2,1.0,0.0,1.0,1.0,0.0,0.2,0.2,0.0,0.2,2.0
2026,NBA,Walker Kessler,kesslwa01,24.0,UTA,C,5,5.0,30.8,5.2,7.4,0.703,1.2,1.6,0.75,4.0,5.8,0.69,0.784,2.8,4.0,0.7,4.6,6.2,10.8,3.0,1.4,1.8,3.2,4.4,14.4
2026,NBA,Corey Kispert,kispeco01,26.0,2TM,SF,58,10.0,18.6,3.2,6.8,0.467,1.5,4.1,0.367,1.7,2.7,0.618,0.577,1.3,1.7,0.794,0.5,1.8,2.3,1.6,0.3,0.2,0.8,1.0,9.2
2026,NBA,Corey Kispert,kispeco01,26.0,WAS,SF,19,2.0,19.5,3.1,6.3,0.496,1.6,4.0,0.395,1.5,2.3,0.674,0.622,1.4,1.8,0.765,0.3,2.0,2.3,1.7,0.4,0.2,0.7,1.1,9.2
2026,NBA,Corey Kispert,kispeco01,26.0,ATL,SF,39,8.0,18.2,3.2,7.1,0.455,1.5,4.1,0.354,1.7,2.9,0.596,0.558,1.3,1.6,0.81,0.5,1.7,2.3,1.5,0.2,0.2,0.8,1.0,9.2
2026,NBA,Maxi Kleber,klebima01,34.0,LAL,PF,43,1.0,10.7,0.8,1.7,0.452,0.1,0.6,0.231,0.6,1.1,0.574,0.493,0.3,0.6,0.538,0.8,1.1,2.0,0.6,0.4,0.3,0.4,1.4,2.0
2026,NBA,Bobi Klintman,klintbo01,22.0,DET,SF,12,0.0,5.9,0.8,2.3,0.333,0.3,1.1,0.308,0.4,1.2,0.357,0.407,0.0,0.3,0.0,0.4,1.2,1.6,0.5,0.3,0.0,0.5,0.9,1.8
2026,NBA,Dalton Knecht,knechda01,24.0,LAL,SF,54,1.0,10.2,1.6,3.5,0.455,0.7,2.1,0.342,0.9,1.5,0.613,0.555,0.3,0.4,0.727,0.3,1.1,1.4,0.4,0.2,0.2,0.4,0.8,4.2
2026,NBA,Kon Knueppel,knuepko01,20.0,CHO,SF,81,80.0,31.5,6.4,13.4,0.475,3.4,7.9,0.425,3.0,5.5,0.548,0.601,2.4,2.8,0.863,1.2,4.1,5.3,3.4,0.7,0.2,2.0,2.1,18.5
2026,NBA,Tyler Kolek,kolekty01,24.0,NYK,PG,62,1.0,11.7,1.7,4.0,0.435,0.7,1.8,0.386,1.0,2.2,0.478,0.524,0.2,0.3,0.7,0.3,1.3,1.6,2.7,0.4,0.1,0.9,1.0,4.4
2026,NBA,Christian Koloko,kolokch01,25.0,3TM,C,27,4.0,13.2,1.1,2.7,0.419,0.0,0.3,0.111,1.1,2.4,0.462,0.426,0.4,0.6,0.667,1.1,1.9,3.0,0.7,0.5,0.9,0.6,1.8,2.7
2026,NBA,Christian Koloko,kolokch01,25.0,LAL,C,2,0.0,3.0,0.0,0.0,,0.0,0.0,,0.0,0.0,,,0.0,0.0,,0.0,0.5,0.5,0.0,0.0,0.0,0.0,0.5,0.0
2026,NBA,Christian Koloko,kolokch01,25.0,MEM,C,11,2.0,17.7,1.3,3.2,0.4,0.0,0.1,0.0,1.3,3.1,0.412,0.4,0.1,0.4,0.25,1.7,2.3,4.0,0.9,0.9,1.2,0.6,1.8,2.6
2026,NBA,Christian Koloko,kolokch01,25.0,ATL,C,14,2.0,11.1,1.2,2.8,0.436,0.1,0.6,0.125,1.1,2.2,0.516,0.449,0.6,0.8,0.818,0.9,1.7,2.6,0.6,0.3,0.7,0.6,1.9,3.1
2026,NBA,Yanic Konan Niederhäuser,konanya01,22.0,LAC,C,41,0.0,10.3,1.6,2.4,0.64,0.0,0.1,0.2,1.5,2.3,0.663,0.645,1.1,1.5,0.758,0.9,2.0,2.9,0.3,0.1,0.7,0.6,1.6,4.3
2026,NBA,John Konchar,konchjo01,29.0,2TM,SG,56,8.0,19.9,1.7,3.6,0.472,0.5,1.8,0.283,1.2,1.8,0.66,0.543,0.6,0.8,0.727,1.3,3.0,4.3,2.1,1.5,0.7,0.6,1.4,4.4
2026,NBA,John Konchar,konchjo01,29.0,MEM,SG,30,1.0,14.5,1.2,2.4,0.521,0.4,1.3,0.333,0.8,1.1,0.75,0.613,0.3,0.4,0.615,0.7,2.4,3.1,1.3,1.0,0.4,0.5,1.0,3.2
2026,NBA,John Konchar,konchjo01,29.0,UTA,SG,26,7.0,26.2,2.2,4.9,0.445,0.6,2.3,0.25,1.6,2.6,0.618,0.504,0.9,1.2,0.774,2.1,3.6,5.7,3.0,2.0,1.0,0.8,1.9,5.9
2026,NBA,Luke Kornet,kornelu01,30.0,SAS,C,68,25.0,21.0,2.6,4.0,0.643,0.0,0.0,,2.6,4.0,0.643,0.643,1.4,1.7,0.825,2.7,3.4,6.1,1.9,0.5,1.0,0.4,1.8,6.5
2026,NBA,Vít Krejčí,krejcvi01,25.0,2TM,PG,65,8.0,21.4,3.0,6.6,0.448,2.0,5.0,0.39,1.0,1.6,0.634,0.597,0.6,0.8,0.745,0.5,1.8,2.3,1.5,0.7,0.3,0.6,2.1,8.5
2026,NBA,Vít Krejčí,krejcvi01,25.0,ATL,PG,46,8.0,22.3,3.1,6.7,0.464,2.2,5.2,0.423,0.9,1.5,0.609,0.628,0.6,0.8,0.75,0.4,1.7,2.1,1.5,0.8,0.3,0.7,2.3,9.0
2026,NBA,Vít Krejčí,krejcvi01,25.0,POR,PG,19,0.0,19.2,2.6,6.4,0.405,1.4,4.7,0.303,1.2,1.7,0.688,0.517,0.6,0.8,0.733,0.6,2.1,2.7,1.7,0.5,0.3,0.6,1.6,7.2
2026,NBA,Jonathan Kuminga,kuminjo01,23.0,2TM,PF,36,14.0,23.1,4.4,9.4,0.463,1.0,2.9,0.333,3.4,6.5,0.521,0.515,2.5,3.4,0.724,1.4,4.3,5.6,2.3,0.6,0.3,1.9,1.5,12.2
2026,NBA,Jonathan Kuminga,kuminjo01,23.0,GSW,PF,20,13.0,23.8,4.4,9.7,0.454,0.9,2.7,0.321,3.6,7.1,0.504,0.497,2.5,3.3,0.742,1.5,4.4,5.9,2.5,0.4,0.3,2.3,1.7,12.1
2026,NBA,Jonathan Kuminga,kuminjo01,23.0,ATL,PF,16,1.0,22.1,4.3,9.1,0.476,1.1,3.3,0.346,3.2,5.8,0.548,0.538,2.5,3.6,0.702,1.3,4.1,5.3,2.1,0.9,0.3,1.3,1.4,12.3
2026,NBA,Kyle Kuzma,kuzmaky01,30.0,MIL,PF,69,43.0,26.2,4.9,10.0,0.492,1.2,3.5,0.347,3.7,6.5,0.569,0.552,2.0,2.7,0.726,0.8,3.7,4.5,2.7,0.7,0.4,1.7,1.9,13.0
2026,NBA,Skal Labissière,labissk01,29.0,WAS,PF,3,0.0,12.7,2.0,3.3,0.6,0.3,1.7,0.2,1.7,1.7,1.0,0.65,0.0,0.0,,1.0,2.0,3.0,1.0,0.7,0.3,0.3,1.0,4.3
2026,NBA,Jock Landale,landajo01,30.0,2TM,C,68,27.0,22.1,4.1,8.1,0.515,1.1,2.8,0.383,3.1,5.2,0.586,0.582,1.2,1.9,0.635,2.7,3.0,5.7,1.7,0.5,0.5,0.9,2.2,10.6
2026,NBA,Jock Landale,landajo01,30.0,MEM,C,45,25.0,23.6,4.4,8.6,0.514,1.1,2.9,0.38,3.4,5.8,0.581,0.577,1.3,2.0,0.674,3.1,3.4,6.5,1.7,0.6,0.5,1.0,2.3,11.3
2026,NBA,Jock Landale,landajo01,30.0,ATL,C,23,2.0,19.4,3.6,6.9,0.516,1.1,2.8,0.391,2.5,4.1,0.6,0.594,0.9,1.6,0.541,1.8,2.3,4.1,1.7,0.4,0.6,0.6,2.1,9.1
2026,NBA,Chaz Lanier,laniech01,24.0,DET,SG,34,0.0,7.7,0.8,2.6,0.315,0.6,2.0,0.284,0.3,0.6,0.409,0.421,0.1,0.2,0.833,0.2,0.4,0.7,0.5,0.2,0.0,0.1,0.4,2.4
2026,NBA,Jake LaRavia,laravja01,24.0,LAL,PF,82,43.0,25.1,2.9,6.4,0.459,1.0,3.0,0.321,2.0,3.4,0.579,0.533,1.4,1.9,0.763,1.4,2.6,4.0,1.8,1.3,0.5,1.1,2.4,8.2
2026,NBA,Pelle Larsson,larsspe01,24.0,MIA,SG,70,54.0,26.4,4.0,8.0,0.496,0.9,2.7,0.323,3.1,5.2,0.586,0.551,2.6,3.3,0.797,1.0,2.5,3.5,3.4,0.7,0.2,1.4,2.1,11.4
2026,NBA,Zach LaVine,lavinza01,30.0,SAC,SG,39,37.0,31.4,6.7,14.0,0.479,2.5,6.5,0.39,4.2,7.5,0.556,0.569,3.2,3.6,0.88,0.2,2.6,2.8,2.3,0.7,0.3,1.9,2.1,19.2
2026,NBA,A.J. Lawson,lawsoaj01,25.0,TOR,SG,24,0.0,9.4,1.4,3.3,0.436,0.8,1.9,0.422,0.6,1.4,0.455,0.558,0.6,0.8,0.778,0.4,1.4,1.8,0.3,0.5,0.2,0.3,1.1,4.2
2026,NBA,Kawhi Leonard,leonaka01,34.0,LAC,SF,65,65.0,32.1,9.8,19.4,0.505,2.6,6.8,0.387,7.1,12.5,0.569,0.573,5.7,6.4,0.892,1.1,5.3,6.4,3.6,1.9,0.4,2.0,1.2,27.9
2026,NBA,Malevy Leons,leonsma01,26.0,GSW,SF,25,2.0,11.0,1.3,2.9,0.444,0.2,0.6,0.25,1.1,2.2,0.5,0.472,0.6,0.8,0.789,1.2,0.9,2.1,0.9,0.6,0.4,0.5,1.2,3.3
2026,NBA,Caris LeVert,leverca01,31.0,DET,SG,60,0.0,19.2,2.7,6.5,0.417,1.0,3.0,0.333,1.7,3.5,0.488,0.494,1.0,1.4,0.679,0.4,1.6,2.0,2.7,0.9,0.7,1.4,1.5,7.4
2026,NBA,E.J. Liddell,liddeej01,25.0,BRK,PF,26,5.0,13.4,2.1,4.3,0.486,0.7,2.0,0.346,1.4,2.3,0.61,0.568,0.8,1.0,0.808,0.5,2.1,2.7,0.9,0.2,0.4,0.6,1.7,5.7
2026,NBA,Dereck Lively II,livelde01,21.0,DAL,C,7,4.0,16.4,1.6,2.6,0.611,0.0,0.0,,1.6,2.6,0.611,0.611,1.1,1.4,0.8,2.0,3.3,5.3,1.9,0.6,1.6,1.4,3.0,4.3
2026,NBA,Isaiah Livers,liveris01,27.0,PHO,PF,36,0.0,9.6,0.6,1.8,0.344,0.3,1.1,0.3,0.3,0.7,0.417,0.438,0.3,0.3,0.75,0.5,1.2,1.7,0.6,0.4,0.2,0.3,0.8,1.8
2026,NBA,Chris Livingston,livinch01,22.0,CLE,SF,3,0.0,5.7,1.3,2.3,0.571,0.0,1.0,0.0,1.3,1.3,1.0,0.571,0.3,0.3,1.0,0.0,1.0,1.0,0.3,0.3,0.0,0.0,1.3,3.0
2026,NBA,Kevon Looney,looneke01,29.0,NOP,C,21,8.0,14.7,1.2,2.9,0.417,0.1,0.6,0.154,1.1,2.2,0.489,0.433,0.3,0.5,0.7,2.3,3.3,5.6,1.6,0.4,0.5,0.4,1.6,2.8
2026,NBA,Brook Lopez,lopezbr01,37.0,LAC,C,75,40.0,21.8,3.1,7.2,0.428,1.5,4.2,0.36,1.6,3.0,0.524,0.533,0.7,1.0,0.757,0.6,3.0,3.6,1.3,0.6,1.2,0.8,2.1,8.5
2026,NBA,Caleb Love,loveca01,24.0,POR,SG,49,1.0,20.7,3.9,10.0,0.388,1.9,6.0,0.318,2.0,4.0,0.49,0.483,0.7,1.0,0.735,0.5,1.8,2.3,2.5,0.6,0.1,1.3,1.0,10.4
2026,NBA,Kevin Love,loveke01,37.0,UTA,PF,37,5.0,16.6,2.1,5.4,0.397,1.4,3.8,0.373,0.7,1.5,0.456,0.53,1.0,1.2,0.841,1.5,4.3,5.8,1.8,0.4,0.2,0.8,1.5,6.7
2026,NBA,Lawson Lovering,loverla01,22.0,MEM,C,2,1.0,24.5,3.0,5.0,0.6,0.0,0.0,,3.0,5.0,0.6,0.6,1.0,2.5,0.4,3.0,4.5,7.5,1.5,1.5,0.5,1.0,3.5,7.0
2026,NBA,Kyle Lowry,lowryky01,39.0,PHI,PG,14,0.0,8.4,0.3,1.8,0.16,0.3,1.8,0.16,0.0,0.0,,0.24,0.4,0.4,0.833,0.0,0.6,0.6,0.8,0.1,0.1,0.3,0.6,1.2
2026,NBA,Khaman Maluach,maluakh01,19.0,PHO,C,46,1.0,8.9,1.2,2.3,0.533,0.1,0.5,0.238,1.1,1.8,0.607,0.557,0.5,0.7,0.71,1.1,1.8,2.9,0.1,0.1,0.7,0.5,0.9,3.0
2026,NBA,Sandro Mamukelashvili,mamuksa01,26.0,TOR,C,80,13.0,21.9,4.1,7.9,0.523,1.4,3.7,0.389,2.7,4.2,0.642,0.614,1.5,2.0,0.747,1.4,3.6,4.9,1.9,0.8,0.5,0.8,1.8,11.2
2026,NBA,Terance Mann,mannte01,29.0,BRK,SG,63,51.0,24.3,2.7,5.8,0.457,0.9,2.4,0.364,1.8,3.4,0.523,0.533,1.0,1.3,0.788,1.1,2.1,3.2,3.0,0.7,0.2,1.1,2.5,7.2
2026,NBA,Tre Mann,manntr01,24.0,CHO,PG,53,1.0,12.6,2.1,5.7,0.36,0.9,2.9,0.323,1.1,2.8,0.399,0.442,0.4,0.5,0.852,0.4,1.4,1.7,1.6,0.5,0.1,1.0,1.3,5.5
2026,NBA,Chris Mañon,manonch01,24.0,LAL,SG,9,0.0,5.1,0.2,0.7,0.333,0.0,0.3,0.0,0.2,0.3,0.667,0.333,0.3,0.4,0.75,0.2,0.9,1.1,0.3,0.6,0.2,0.1,0.7,0.8
2026,NBA,Lauri Markkanen,markkla01,28.0,UTA,PF,42,42.0,34.4,9.1,19.2,0.477,2.7,7.7,0.355,6.4,11.5,0.559,0.548,5.7,6.4,0.896,2.0,4.9,6.9,2.1,1.0,0.5,1.5,1.8,26.7
2026,NBA,Naji Marshall,marshna01,28.0,DAL,SF,74,47.0,29.5,5.7,11.1,0.51,0.8,2.9,0.291,4.8,8.2,0.587,0.548,3.1,4.1,0.76,0.9,3.8,4.7,3.3,1.1,0.1,1.6,1.9,15.2
2026,NBA,Alijah Martin,martial01,24.0,TOR,SG,23,0.0,6.3,0.7,2.2,0.32,0.2,0.9,0.19,0.5,1.3,0.414,0.36,0.7,0.8,0.789,0.4,0.5,0.9,0.5,0.3,0.2,0.3,0.5,2.2
2026,NBA,Caleb Martin,martica02,30.0,DAL,SF,58,12.0,14.8,1.5,3.3,0.45,0.3,1.0,0.351,1.1,2.3,0.492,0.503,0.6,1.1,0.607,0.5,2.0,2.5,1.4,0.7,0.3,0.7,1.5,3.9
2026,NBA,Cody Martin,martico01,30.0,IND,SF,4,0.0,13.8,0.5,2.5,0.2,0.0,1.3,0.0,0.5,1.3,0.4,0.2,0.8,1.5,0.5,0.3,3.3,3.5,0.5,1.0,0.5,1.0,1.3,1.8
2026,NBA,Tyrese Martin,martity01,26.0,2TM,SG,46,6.0,16.9,2.4,6.0,0.394,1.2,3.6,0.321,1.2,2.4,0.5,0.489,0.4,0.6,0.679,0.7,1.8,2.5,1.7,0.5,0.1,0.9,0.7,6.3
2026,NBA,Tyrese Martin,martity01,26.0,BRK,SG,37,6.0,18.8,2.7,6.9,0.392,1.4,4.1,0.336,1.3,2.8,0.476,0.492,0.5,0.7,0.731,0.9,2.0,2.9,1.9,0.6,0.1,0.9,0.8,7.3
2026,NBA,Tyrese Martin,martity01,26.0,PHI,SG,9,0.0,9.0,1.0,2.4,0.409,0.2,1.4,0.154,0.8,1.0,0.778,0.455,0.0,0.2,0.0,0.2,0.9,1.1,1.0,0.3,0.2,0.8,0.3,2.2
2026,NBA,Jahmai Mashack,mashaja01,23.0,MEM,SG,31,7.0,21.7,2.5,6.3,0.395,0.6,2.4,0.253,1.9,3.9,0.483,0.444,0.6,1.1,0.543,0.7,1.9,2.6,2.2,1.2,0.5,1.6,2.2,6.2
2026,NBA,Garrison Mathews,mathega01,29.0,IND,SG,15,1.0,13.1,1.4,3.5,0.404,1.1,3.1,0.37,0.3,0.4,0.667,0.567,1.3,1.5,0.826,0.1,1.0,1.1,0.7,0.4,0.2,0.2,1.3,5.2
2026,NBA,Bennedict Mathurin,mathube01,23.0,2TM,SF,54,25.0,30.0,5.4,12.5,0.43,1.4,4.4,0.315,4.0,8.1,0.492,0.485,5.4,6.2,0.869,1.0,4.4,5.4,2.4,0.8,0.2,2.2,2.5,17.6
2026,NBA,Bennedict Mathurin,mathube01,23.0,IND,SF,28,24.0,31.8,5.5,12.8,0.433,2.1,5.6,0.372,3.5,7.2,0.48,0.514,4.6,5.2,0.884,0.8,4.6,5.4,2.3,0.6,0.1,2.3,2.7,17.8
2026,NBA,Bennedict Mathurin,mathube01,23.0,LAC,SF,26,1.0,28.0,5.2,12.3,0.426,0.7,3.2,0.207,4.6,9.1,0.502,0.453,6.3,7.3,0.858,1.3,4.2,5.5,2.5,1.0,0.3,2.1,2.3,17.4
2026,NBA,Karlo Matković,matkoka01,24.0,NOP,PF,62,2.0,14.7,2.3,3.8,0.604,0.6,1.5,0.422,1.7,2.3,0.717,0.685,0.5,0.7,0.732,1.2,2.5,3.7,0.8,0.4,0.9,0.5,1.7,5.7
2026,NBA,Tyrese Maxey,maxeyty01,25.0,PHI,PG,70,70.0,38.0,9.9,21.4,0.462,3.1,8.6,0.367,6.8,12.9,0.525,0.536,5.3,6.0,0.892,0.3,3.8,4.1,6.6,1.9,0.8,2.4,2.2,28.3
2026,NBA,Bez Mbeng,mbengbe01,22.0,UTA,SG,15,5.0,32.8,3.3,6.7,0.5,0.4,2.1,0.194,2.9,4.6,0.638,0.53,1.1,1.7,0.64,1.2,2.6,3.8,4.1,2.3,0.3,1.5,3.1,8.1
2026,NBA,Miles McBride,mcbrimi01,25.0,NYK,SG,41,15.0,26.3,4.2,9.9,0.423,2.7,6.6,0.413,1.4,3.2,0.444,0.562,0.9,1.1,0.787,0.6,1.9,2.4,2.6,0.9,0.2,0.8,1.7,12.0
2026,NBA,Jared McCain,mccaija01,21.0,2TM,SG,67,3.0,17.3,3.0,7.2,0.425,1.5,3.8,0.385,1.6,3.3,0.471,0.528,0.8,0.9,0.864,0.3,1.7,2.0,1.3,0.5,0.1,0.8,1.2,8.3
2026,NBA,Jared McCain,mccaija01,21.0,PHI,SG,37,1.0,16.8,2.4,6.2,0.385,1.2,3.2,0.378,1.2,3.0,0.393,0.483,0.6,0.7,0.88,0.2,1.9,2.0,1.7,0.6,0.1,0.8,1.2,6.6
2026,NBA,Jared McCain,mccaija01,21.0,OKC,SG,30,2.0,18.0,3.8,8.3,0.462,1.8,4.6,0.391,2.0,3.7,0.55,0.57,1.0,1.1,0.853,0.6,1.5,2.1,0.9,0.4,0.1,0.9,1.3,10.4
2026,NBA,Mac McClung,mccluma01,27.0,2TM,SG,11,0.0,12.3,2.1,5.4,0.39,0.6,2.7,0.233,1.5,2.6,0.552,0.449,1.3,1.6,0.778,0.2,0.7,0.9,0.9,1.0,0.3,0.8,1.7,6.1
2026,NBA,Mac McClung,mccluma01,27.0,IND,SG,3,0.0,11.3,2.3,6.0,0.389,0.7,3.3,0.2,1.7,2.7,0.625,0.444,1.0,1.3,0.75,0.0,1.3,1.3,0.3,1.7,0.3,0.7,2.0,6.3
2026,NBA,Mac McClung,mccluma01,27.0,CHI,SG,8,0.0,12.6,2.0,5.1,0.39,0.6,2.5,0.25,1.4,2.6,0.524,0.451,1.4,1.8,0.786,0.3,0.5,0.8,1.1,0.8,0.3,0.9,1.6,6.0
2026,NBA,CJ McCollum,mccolcj01,34.0,2TM,PG,76,60.0,29.8,6.9,15.2,0.455,2.5,6.7,0.375,4.4,8.5,0.519,0.538,2.4,3.1,0.772,0.8,2.5,3.3,3.9,0.8,0.5,1.8,1.9,18.7
2026,NBA,CJ McCollum,mccolcj01,34.0,WAS,SG,35,35.0,30.9,6.9,15.1,0.454,2.7,7.0,0.393,4.1,8.1,0.505,0.544,2.3,2.9,0.804,0.7,2.9,3.5,3.6,0.7,0.3,1.7,2.1,18.8
2026,NBA,CJ McCollum,mccolcj01,34.0,ATL,PG,41,25.0,28.8,7.0,15.2,0.456,2.3,6.5,0.357,4.6,8.8,0.529,0.532,2.5,3.3,0.748,1.0,2.2,3.1,4.1,1.0,0.6,1.9,1.7,18.7
2026,NBA,T.J. McConnell,mccontj01,33.0,IND,PG,56,4.0,17.2,4.3,8.0,0.538,0.3,0.9,0.32,4.0,7.1,0.565,0.556,0.4,0.5,0.862,0.4,1.8,2.2,5.1,1.0,0.2,1.1,1.1,9.4
2026,NBA,Kevin McCullar Jr.,mcculke01,24.0,NYK,SF,21,0.0,7.4,1.0,2.2,0.426,0.4,1.1,0.333,0.6,1.1,0.522,0.511,0.1,0.2,0.4,0.5,0.8,1.3,1.0,0.4,0.0,0.6,1.0,2.4
2026,NBA,Jaden McDaniels,mcdanja02,25.0,MIN,PF,73,73.0,31.7,5.7,11.1,0.515,1.4,3.4,0.412,4.3,7.7,0.562,0.579,2.0,2.4,0.835,1.0,3.2,4.2,2.7,1.1,1.0,1.8,3.3,14.8
2026,NBA,Doug McDermott,mcderdo01,34.0,SAC,SF,29,0.0,15.1,1.9,4.8,0.388,1.7,4.2,0.39,0.2,0.6,0.375,0.561,0.3,0.3,0.889,0.2,1.0,1.3,0.8,0.2,0.1,0.4,1.0,5.7
2026,NBA,Bryce McGowens,mcgowbr01,23.0,NOP,SG,42,13.0,21.0,2.7,5.6,0.481,0.9,2.2,0.409,1.8,3.4,0.528,0.561,1.8,2.3,0.779,0.3,1.8,2.1,1.5,0.6,0.2,0.4,2.1,8.1
2026,NBA,Jordan McLaughlin,mclaujo01,29.0,SAS,PG,44,0.0,6.4,0.8,1.8,0.418,0.4,0.9,0.425,0.4,0.9,0.41,0.525,0.1,0.2,0.857,0.2,0.6,0.7,0.9,0.5,0.0,0.3,0.3,2.0
2026,NBA,Liam McNeeley,mcneeli01,20.0,CHO,SF,31,0.0,11.9,1.2,3.1,0.4,0.8,1.9,0.4,0.5,1.1,0.4,0.526,1.0,1.3,0.821,0.4,1.9,2.4,0.8,0.2,0.1,0.4,1.2,4.3
2026,NBA,De'Anthony Melton,meltode01,27.0,GSW,PG,49,24.0,23.0,4.4,10.8,0.407,1.5,5.0,0.294,2.9,5.8,0.505,0.475,2.0,2.5,0.826,0.8,2.4,3.2,2.6,1.6,0.4,1.9,1.9,12.3
2026,NBA,Sam Merrill,merrisa01,29.0,CLE,SG,52,38.0,26.5,4.3,9.3,0.461,3.0,7.2,0.421,1.3,2.1,0.596,0.624,1.1,1.3,0.855,0.5,2.0,2.6,2.4,0.6,0.1,0.8,2.4,12.8
2026,NBA,Khris Middleton,middlkh01,34.0,2TM,SF,63,50.0,22.8,3.6,8.6,0.42,1.1,3.0,0.36,2.5,5.6,0.452,0.482,1.9,2.2,0.875,0.8,2.9,3.7,2.8,0.7,0.1,1.7,2.3,10.2
2026,NBA,Khris Middleton,middlkh01,34.0,WAS,SF,34,34.0,24.3,3.8,8.8,0.433,1.0,2.9,0.333,2.9,5.9,0.483,0.488,1.7,2.0,0.841,0.9,3.1,3.9,3.3,0.8,0.3,1.7,2.5,10.3
2026,NBA,Khris Middleton,middlkh01,34.0,DAL,SF,29,16.0,21.1,3.3,8.3,0.404,1.2,3.0,0.391,2.2,5.3,0.412,0.475,2.1,2.3,0.91,0.7,2.6,3.3,2.2,0.5,0.0,1.8,2.0,10.0
2026,NBA,Brandon Miller,millebr02,23.0,CHO,SF,65,65.0,30.3,7.0,16.1,0.435,3.1,8.2,0.383,3.8,7.9,0.489,0.533,3.1,3.4,0.892,1.1,3.8,4.9,3.3,1.0,0.7,2.5,2.8,20.2
2026,NBA,Emanuel Miller,milleem01,25.0,CHI,PF,5,0.0,6.6,1.2,2.6,0.462,0.4,1.2,0.333,0.8,1.4,0.571,0.538,0.2,0.4,0.5,0.2,0.4,0.6,0.8,0.4,0.0,0.0,0.4,3.0
2026,NBA,Jordan Miller,millejo02,26.0,LAC,SF,60,1.0,22.1,3.5,6.7,0.531,0.6,1.8,0.345,2.9,4.8,0.602,0.579,2.3,2.9,0.777,0.8,2.2,3.0,2.3,0.8,0.2,1.1,1.0,10.0
2026,NBA,Leonard Miller,millele01,22.0,2TM,SF,46,12.0,15.6,3.2,5.7,0.553,0.7,2.2,0.323,2.5,3.5,0.693,0.615,0.8,1.2,0.736,1.2,2.8,3.9,0.9,0.4,0.3,0.8,1.4,7.8
2026,NBA,Leonard Miller,millele01,22.0,MIN,SF,19,0.0,5.0,0.9,1.7,0.545,0.1,0.6,0.083,0.9,1.1,0.81,0.561,0.4,0.6,0.636,0.4,0.9,1.3,0.3,0.2,0.0,0.5,0.6,2.3
2026,NBA,Leonard Miller,millele01,22.0,CHI,SF,27,12.0,23.1,4.7,8.5,0.555,1.1,3.2,0.356,3.6,5.3,0.676,0.622,1.2,1.6,0.762,1.7,4.0,5.8,1.3,0.5,0.6,1.0,2.0,11.7
2026,NBA,Riley Minix,minixri01,25.0,2TM,SF,9,0.0,6.4,1.6,2.6,0.609,0.4,1.3,0.333,1.1,1.2,0.909,0.696,0.3,0.3,1.0,0.2,0.4,0.7,0.6,0.2,0.1,0.3,0.6,3.9
2026,NBA,Riley Minix,minixri01,25.0,SAS,SF,3,0.0,2.7,1.3,2.0,0.667,0.3,1.0,0.333,1.0,1.0,1.0,0.75,0.0,0.0,,0.3,0.3,0.7,0.3,0.3,0.0,0.0,0.3,3.0
2026,NBA,Riley Minix,minixri01,25.0,CLE,SF,6,0.0,8.3,1.7,2.8,0.588,0.5,1.5,0.333,1.2,1.3,0.875,0.676,0.5,0.5,1.0,0.2,0.5,0.7,0.7,0.2,0.2,0.5,0.7,4.3
2026,NBA,Josh Minott,minotjo01,23.0,2TM,PF,49,11.0,17.0,2.6,5.1,0.5,1.3,3.1,0.418,1.3,2.0,0.626,0.627,1.0,1.2,0.787,1.0,2.2,3.2,0.9,0.9,0.5,0.9,1.5,7.4
2026,NBA,Josh Minott,minotjo01,23.0,BOS,PF,33,10.0,15.9,2.1,4.1,0.507,1.0,2.3,0.442,1.1,1.8,0.593,0.632,0.6,0.8,0.769,1.2,2.4,3.6,1.0,0.7,0.4,0.6,1.5,5.8
2026,NBA,Josh Minott,minotjo01,23.0,BRK,SF,16,1.0,19.3,3.6,7.3,0.491,1.9,4.8,0.395,1.7,2.5,0.675,0.621,1.8,2.2,0.8,0.5,2.0,2.5,0.8,1.3,0.8,1.4,1.4,10.8
2026,NBA,Yves Missi,missiyv01,21.0,NOP,C,66,14.0,19.7,2.4,4.5,0.544,0.0,0.0,0.0,2.4,4.4,0.546,0.544,0.9,1.5,0.559,2.8,3.1,5.8,1.3,0.3,1.5,0.8,1.7,5.7
2026,NBA,Ajay Mitchell,mitchaj01,23.0,OKC,SG,57,16.0,25.8,5.0,10.4,0.485,1.1,3.1,0.347,3.9,7.3,0.543,0.536,2.5,2.8,0.87,0.7,2.6,3.3,3.6,1.2,0.3,1.4,2.1,13.6
2026,NBA,Davion Mitchell,mitchda01,27.0,MIA,PG,70,70.0,28.6,3.7,7.6,0.49,1.3,3.3,0.395,2.4,4.4,0.561,0.574,0.6,0.9,0.646,0.5,2.2,2.7,6.5,1.0,0.2,1.5,2.6,9.3
2026,NBA,Donovan Mitchell,mitchdo01,29.0,CLE,SG,70,70.0,33.5,9.7,20.0,0.483,3.2,8.8,0.364,6.5,11.2,0.577,0.563,5.3,6.1,0.865,0.7,3.8,4.5,5.7,1.5,0.3,2.8,2.3,27.9
2026,NBA,Evan Mobley,mobleev01,24.0,CLE,PF,65,63.0,31.9,7.2,13.2,0.546,1.0,3.2,0.297,6.3,10.0,0.626,0.582,2.8,4.6,0.606,2.4,6.6,9.0,3.6,0.7,1.7,1.9,2.4,18.2
2026,NBA,Jonathan Mogbo,mogbojo01,24.0,TOR,PF,40,0.0,6.2,0.7,1.1,0.591,0.0,0.0,0.0,0.7,1.1,0.605,0.591,0.2,0.4,0.643,0.5,1.2,1.7,0.6,0.3,0.2,0.4,0.7,1.5
2026,NBA,Malik Monk,monkma01,27.0,SAC,SG,62,3.0,22.0,4.5,10.2,0.438,2.0,5.1,0.395,2.5,5.1,0.481,0.536,1.5,1.7,0.879,0.2,1.6,1.9,3.0,0.6,0.4,1.5,1.6,12.5
2026,NBA,Moses Moody,moodymo01,23.0,GSW,SG,60,49.0,25.7,4.1,9.3,0.44,2.5,6.3,0.401,1.6,3.0,0.522,0.575,1.5,1.9,0.77,0.9,2.5,3.3,1.6,1.0,0.6,1.0,2.0,12.1
2026,NBA,Wendell Moore Jr.,moorewe01,24.0,DET,SG,6,0.0,10.0,0.7,1.2,0.571,0.0,0.2,0.0,0.7,1.0,0.667,0.571,0.3,0.3,1.0,0.2,0.8,1.0,0.7,0.3,0.3,0.2,0.5,1.7
2026,NBA,Alex Morales,moralal01,28.0,ORL,PG,4,0.0,6.0,0.8,1.8,0.429,0.0,0.3,0.0,0.8,1.5,0.5,0.429,0.5,0.5,1.0,0.3,0.5,0.8,1.0,0.0,0.0,1.0,1.8,2.0
2026,NBA,Ja Morant,moranja01,26.0,MEM,PG,20,20.0,28.5,6.6,16.1,0.41,1.0,4.3,0.235,5.6,11.9,0.473,0.441,5.3,5.9,0.897,0.4,2.9,3.3,8.1,1.0,0.3,3.6,2.0,19.5
2026,NBA,Monte Morris,morrimo01,30.0,IND,PG,6,0.0,10.8,1.2,3.3,0.35,0.3,1.3,0.25,0.8,2.0,0.417,0.4,0.3,0.7,0.5,0.2,1.0,1.2,1.5,0.2,0.2,0.3,0.5,3.0
2026,NBA,Trey Murphy III,murphtr02,25.0,NOP,SF,66,66.0,35.5,7.5,15.9,0.47,3.2,8.6,0.379,4.2,7.3,0.577,0.572,3.3,3.7,0.886,1.0,4.8,5.7,3.8,1.5,0.4,1.8,2.1,21.5
2026,NBA,Collin Murray-Boyles,murraco01,20.0,TOR,PF,57,22.0,21.9,3.5,6.0,0.579,0.3,0.9,0.34,3.2,5.1,0.62,0.604,1.2,1.9,0.657,2.3,2.7,5.0,1.9,0.9,0.9,1.0,2.6,8.5
2026,NBA,Dejounte Murray,murrade01,29.0,NOP,PG,14,14.0,27.8,6.3,13.0,0.484,1.4,4.4,0.306,4.9,8.6,0.575,0.536,2.8,3.2,0.867,0.3,5.1,5.4,6.4,1.6,0.2,3.4,2.4,16.7
2026,NBA,Jamal Murray,murraja01,28.0,DEN,PG,75,75.0,35.4,8.8,18.1,0.483,3.3,7.5,0.435,5.5,10.6,0.517,0.573,4.6,5.2,0.887,0.4,4.0,4.4,7.1,0.9,0.4,2.3,1.7,25.4
2026,NBA,Keegan Murray,murrake02,25.0,SAC,PF,23,22.0,34.5,5.5,13.0,0.42,1.3,4.9,0.277,4.1,8.2,0.505,0.472,1.7,2.1,0.776,1.4,4.3,5.7,1.7,1.0,1.6,1.2,1.8,14.0
2026,NBA,Kris Murray,murrakr01,25.0,POR,SF,57,15.0,23.4,2.3,4.8,0.467,0.6,2.1,0.279,1.7,2.7,0.617,0.529,0.7,1.0,0.684,1.6,2.0,3.6,1.4,0.9,0.4,0.8,1.6,5.8
2026,NBA,Svi Mykhailiuk,mykhasv01,28.0,UTA,SF,50,41.0,23.1,3.5,7.2,0.478,2.0,4.8,0.408,1.5,2.4,0.615,0.613,0.5,0.6,0.893,0.7,1.8,2.5,1.9,0.5,0.1,0.8,1.3,9.4
2026,NBA,Larry Nance Jr.,nancela02,33.0,CLE,PF,35,3.0,12.8,1.5,3.5,0.419,0.6,1.8,0.333,0.9,1.7,0.508,0.504,0.2,0.4,0.462,0.8,1.8,2.7,1.0,0.6,0.2,0.6,1.6,3.7
2026,NBA,Pete Nance,nancepe01,25.0,MIL,PF,47,6.0,15.7,2.1,4.1,0.515,1.1,2.5,0.42,1.1,1.6,0.667,0.644,0.1,0.2,0.364,0.6,2.1,2.7,1.0,0.3,0.3,0.6,1.3,5.4
2026,NBA,Grant Nelson,nelsogr02,23.0,BRK,PF,4,0.0,8.8,1.3,2.3,0.556,0.0,0.0,,1.3,2.3,0.556,0.556,1.8,2.5,0.7,0.3,1.3,1.5,1.3,0.3,1.3,1.0,1.5,4.3
2026,NBA,Andrew Nembhard,nembhan01,26.0,IND,PG,57,57.0,31.3,5.8,13.2,0.442,1.9,5.2,0.361,4.0,8.0,0.495,0.513,3.4,4.1,0.825,0.4,2.4,2.8,7.7,0.9,0.1,2.4,2.2,16.9
2026,NBA,Ryan Nembhard,nembhry01,22.0,DAL,PG,60,27.0,19.5,2.7,6.5,0.415,0.8,2.3,0.356,1.9,4.3,0.447,0.477,0.4,0.5,0.806,0.2,2.0,2.2,5.3,0.4,0.0,1.4,1.4,6.6
2026,NBA,Aaron Nesmith,nesmiaa01,26.0,IND,SF,45,42.0,29.7,4.7,11.4,0.414,2.3,6.2,0.379,2.4,5.2,0.455,0.517,2.0,2.5,0.829,1.1,3.1,4.2,1.9,0.6,0.5,1.4,2.8,13.8
2026,NBA,Asa Newell,newelas01,20.0,ATL,PF,44,2.0,11.4,2.1,3.8,0.538,0.7,1.7,0.387,1.4,2.1,0.66,0.624,0.4,0.7,0.552,1.0,1.2,2.2,0.6,0.4,0.3,0.5,1.5,5.2
2026,NBA,Tristen Newton,newtotr01,24.0,HOU,SG,1,0.0,12.0,4.0,9.0,0.444,2.0,5.0,0.4,2.0,4.0,0.5,0.556,2.0,3.0,0.667,2.0,1.0,3.0,0.0,1.0,0.0,0.0,0.0,12.0
2026,NBA,N'Faly Dante,nfalyda01,24.0,ATL,C,4,0.0,3.8,0.3,1.0,0.25,0.0,0.0,,0.3,1.0,0.25,0.25,0.3,0.3,1.0,0.8,1.0,1.8,0.0,0.5,0.0,0.3,0.3,0.8
2026,NBA,Zeke Nnaji,nnajize01,25.0,DEN,PF,52,4.0,12.0,1.4,2.9,0.47,0.3,1.0,0.259,1.1,1.9,0.588,0.517,0.7,0.8,0.773,0.6,2.0,2.6,0.6,0.3,0.5,0.5,1.4,3.7
2026,NBA,Jusuf Nurkić,nurkiju01,31.0,UTA,C,41,36.0,26.4,4.4,8.7,0.503,0.6,1.7,0.352,3.8,7.0,0.54,0.538,1.5,2.8,0.549,2.6,7.8,10.4,4.8,1.3,0.5,2.5,3.3,10.9
2026,NBA,Josh Oduro,odurojo01,25.0,NOP,PF,3,1.0,27.3,3.7,5.7,0.647,0.0,0.7,0.0,3.7,5.0,0.733,0.647,1.0,2.0,0.5,3.7,4.0,7.7,1.3,0.0,0.0,0.7,4.7,8.3
2026,NBA,Toby Okani,okanito01,24.0,MEM,SG,6,4.0,36.2,4.2,11.7,0.357,1.5,5.2,0.29,2.7,6.5,0.41,0.421,0.2,1.3,0.125,1.5,2.0,3.5,1.0,0.7,0.5,0.5,3.3,10.0
2026,NBA,Josh Okogie,okogijo01,27.0,HOU,SG,78,32.0,17.4,1.6,3.8,0.425,0.8,2.1,0.385,0.8,1.7,0.474,0.531,0.5,0.9,0.594,1.0,1.5,2.6,0.9,0.8,0.2,0.5,1.4,4.5
2026,NBA,Onyeka Okongwu,okongon01,25.0,ATL,C,74,63.0,31.0,5.6,11.6,0.48,1.9,5.2,0.376,3.6,6.4,0.564,0.564,2.1,2.7,0.757,1.9,5.7,7.6,3.1,1.1,1.1,1.7,3.3,15.2
2026,NBA,Isaac Okoro,okorois01,25.0,CHI,SG,63,62.0,26.9,3.3,7.3,0.46,1.2,3.5,0.33,2.2,3.8,0.58,0.539,1.4,1.8,0.795,1.1,1.7,2.7,1.6,0.7,0.5,0.7,2.6,9.3
2026,NBA,Lachlan Olbrich,olbrila01,22.0,CHI,C,37,2.0,9.3,1.0,2.1,0.468,0.1,0.5,0.105,0.9,1.6,0.586,0.481,0.4,1.1,0.375,1.2,1.8,3.0,1.1,0.3,0.2,0.4,1.3,2.4
2026,NBA,Kelly Olynyk,olynyke01,34.0,SAS,C,42,0.0,8.6,1.1,2.3,0.49,0.3,1.1,0.255,0.8,1.2,0.714,0.552,0.6,0.9,0.711,0.6,1.2,1.8,1.2,0.4,0.1,0.6,0.9,3.2
2026,NBA,Norchad Omier,omierno01,24.0,LAC,PF,6,0.0,4.0,1.2,1.7,0.7,0.0,0.2,0.0,1.2,1.5,0.778,0.7,0.5,0.5,1.0,0.7,0.5,1.2,0.3,0.2,0.0,0.0,0.7,2.8
2026,NBA,Royce O'Neale,onealro01,32.0,PHO,SF,78,67.0,28.4,3.4,8.0,0.421,2.7,6.7,0.408,0.7,1.3,0.486,0.59,0.3,0.5,0.711,0.8,4.0,4.8,2.7,1.1,0.4,1.3,2.3,9.8
2026,NBA,Kelly Oubre Jr.,oubreke01,30.0,PHI,SF,50,41.0,31.5,5.1,10.9,0.467,1.7,4.8,0.36,3.4,6.1,0.551,0.546,2.2,2.9,0.766,1.0,4.0,5.0,1.6,1.4,0.5,1.4,2.5,14.1
2026,NBA,Chris Paul,paulch01,40.0,LAC,PG,16,0.0,14.3,1.1,3.5,0.321,0.6,1.9,0.333,0.5,1.6,0.308,0.411,0.1,0.1,0.5,0.4,1.4,1.8,3.3,0.7,0.0,1.0,1.4,2.9
2026,NBA,Cameron Payne,payneca01,31.0,PHI,PG,22,1.0,17.0,2.5,6.8,0.376,1.5,4.4,0.33,1.1,2.4,0.462,0.483,0.9,1.0,0.864,0.1,1.9,2.0,2.6,1.1,0.3,0.5,1.4,7.4
2026,NBA,Gary Payton II,paytoga02,33.0,GSW,SG,73,1.0,15.6,3.3,5.7,0.583,0.5,1.7,0.291,2.8,3.9,0.712,0.628,0.4,0.5,0.65,1.4,2.2,3.6,1.7,0.9,0.3,0.8,1.8,7.5
2026,NBA,Micah Peavy,peavymi01,24.0,NOP,SG,61,4.0,15.0,1.7,4.5,0.385,0.5,1.8,0.259,1.3,2.7,0.467,0.436,0.4,0.5,0.759,0.8,1.2,1.9,1.0,0.7,0.1,0.3,1.6,4.3
2026,NBA,Sean Pedulla,pedulse01,23.0,LAC,PG,7,0.0,4.4,0.7,2.1,0.333,0.4,1.4,0.3,0.3,0.7,0.4,0.433,0.0,0.0,,0.0,0.4,0.4,0.7,0.0,0.0,0.1,0.6,1.9
2026,NBA,Noah Penda,pendano01,21.0,ORL,SF,59,2.0,12.8,1.4,3.4,0.404,0.5,1.6,0.323,0.9,1.9,0.473,0.478,0.6,0.8,0.688,1.1,2.0,3.2,1.2,0.5,0.3,0.7,1.2,3.8
2026,NBA,Drew Peterson,peterdr01,26.0,CHO,PF,6,0.0,10.7,0.3,2.7,0.125,0.0,2.0,0.0,0.3,0.7,0.5,0.125,0.2,0.3,0.5,0.5,1.0,1.5,0.3,0.5,0.2,0.0,0.5,0.8
2026,NBA,Taelon Peter,peterta01,23.0,IND,SG,38,0.0,12.9,1.6,4.2,0.38,1.1,3.3,0.328,0.5,0.9,0.576,0.509,0.3,0.4,0.625,0.3,1.3,1.6,1.1,0.7,0.1,0.7,1.0,4.5
2026,NBA,Julian Phillips,phillju01,22.0,2TM,SF,48,2.0,8.9,1.1,2.5,0.421,0.4,1.4,0.308,0.6,1.2,0.554,0.504,0.4,0.5,0.783,0.5,0.5,1.0,0.2,0.5,0.1,0.2,0.9,2.9
2026,NBA,Julian Phillips,phillju01,22.0,CHI,SF,35,2.0,9.5,1.1,2.5,0.42,0.5,1.4,0.327,0.6,1.1,0.538,0.511,0.3,0.3,0.818,0.6,0.6,1.3,0.2,0.5,0.2,0.2,0.9,2.8
2026,NBA,Julian Phillips,phillju01,22.0,MIN,SF,13,0.0,7.2,1.1,2.5,0.424,0.3,1.2,0.25,0.8,1.3,0.588,0.485,0.7,0.9,0.75,0.1,0.3,0.4,0.2,0.4,0.1,0.3,0.8,3.2
2026,NBA,Jalen Pickett,pickeja02,26.0,DEN,SG,50,18.0,16.1,2.0,4.6,0.422,1.0,2.5,0.386,1.0,2.1,0.467,0.528,0.3,0.4,0.789,0.4,1.9,2.3,2.3,0.3,0.1,0.7,0.8,5.2
2026,NBA,Scotty Pippen Jr.,pippesc02,25.0,MEM,PG,10,6.0,21.2,4.3,9.6,0.448,1.0,3.2,0.313,3.3,6.4,0.516,0.5,1.8,2.3,0.783,0.8,1.4,2.2,4.7,1.9,0.4,2.7,3.1,11.4
2026,NBA,Daeqwon Plowden,plowdda01,27.0,SAC,SG,32,7.0,26.4,3.8,8.7,0.43,1.9,5.8,0.333,1.8,2.9,0.624,0.541,1.3,1.5,0.857,1.0,2.0,3.0,1.3,0.7,0.2,0.8,2.4,10.8
2026,NBA,Mason Plumlee,plumlma01,35.0,2TM,C,20,3.0,8.6,0.6,0.7,0.786,0.0,0.0,,0.6,0.7,0.786,0.786,0.5,0.7,0.643,0.9,1.8,2.7,1.0,0.5,0.0,0.6,0.9,1.6
2026,NBA,Mason Plumlee,plumlma01,35.0,CHO,C,14,2.0,8.9,0.6,0.9,0.75,0.0,0.0,,0.6,0.9,0.75,0.75,0.6,0.9,0.667,0.7,2.1,2.9,1.1,0.4,0.0,0.6,0.7,1.9
2026,NBA,Mason Plumlee,plumlma01,35.0,SAS,C,6,1.0,7.8,0.3,0.3,1.0,0.0,0.0,,0.3,0.3,1.0,1.0,0.2,0.3,0.5,1.2,1.0,2.2,0.7,0.7,0.0,0.5,1.2,0.8
2026,NBA,Brandin Podziemski,podzibr01,22.0,GSW,SG,82,43.0,28.5,4.8,10.6,0.455,1.9,5.0,0.371,2.9,5.5,0.531,0.543,2.3,2.9,0.797,0.9,4.2,5.1,3.7,1.1,0.2,1.6,1.7,13.8
2026,NBA,Jakob Poeltl,poeltja01,30.0,TOR,C,46,44.0,25.0,4.7,6.7,0.7,0.0,0.0,,4.7,6.7,0.7,0.7,1.3,2.1,0.602,2.5,4.5,7.0,2.0,0.9,0.7,1.2,3.2,10.7
2026,NBA,Jordan Poole,poolejo01,26.0,NOP,PG,39,8.0,23.9,4.2,11.4,0.372,2.5,7.4,0.333,1.8,4.0,0.442,0.48,2.5,2.9,0.86,0.2,1.7,2.0,3.1,0.6,0.4,1.8,2.3,13.4
2026,NBA,Craig Porter Jr.,portecr01,25.0,CLE,PG,64,3.0,17.9,1.8,4.0,0.45,0.5,1.5,0.355,1.3,2.6,0.503,0.514,0.4,0.6,0.6,1.3,2.1,3.4,3.2,0.9,0.6,0.9,1.1,4.5
2026,NBA,Kevin Porter Jr.,porteke02,25.0,MIL,PG,38,36.0,33.2,6.3,13.5,0.465,1.2,3.8,0.322,5.1,9.8,0.52,0.51,3.6,4.1,0.878,0.9,4.3,5.2,7.4,2.2,0.5,2.9,2.3,17.4
2026,NBA,Michael Porter Jr.,portemi01,27.0,BRK,SF,52,52.0,32.5,8.5,18.4,0.463,3.4,9.3,0.363,5.2,9.1,0.567,0.555,3.8,4.4,0.859,1.3,5.7,7.1,3.0,1.1,0.3,2.3,2.2,24.2
2026,NBA,Bobby Portis,portibo01,30.0,MIL,PF,67,9.0,24.2,5.5,11.2,0.488,2.0,4.4,0.456,3.4,6.8,0.509,0.578,0.7,1.0,0.706,1.3,5.1,6.4,1.6,0.6,0.2,1.0,1.6,13.7
2026,NBA,Kristaps Porziņģis,porzikr01,30.0,2TM,C,32,23.0,24.0,5.4,12.1,0.446,1.7,5.0,0.338,3.7,7.1,0.522,0.515,4.2,4.9,0.842,1.3,4.0,5.2,2.5,0.6,1.2,1.3,2.9,16.7
2026,NBA,Kristaps Porziņģis,porzikr01,30.0,ATL,C,17,12.0,24.3,5.6,12.4,0.457,1.8,5.1,0.36,3.8,7.3,0.524,0.531,4.0,4.8,0.84,1.2,3.9,5.1,2.7,0.5,1.3,0.9,3.2,17.1
2026,NBA,Kristaps Porziņģis,porzikr01,30.0,GSW,C,15,11.0,23.7,5.1,11.9,0.433,1.5,4.9,0.311,3.6,6.9,0.519,0.497,4.3,5.1,0.844,1.3,4.1,5.3,2.3,0.6,1.1,1.7,2.5,16.1
2026,NBA,Quinten Post,postqu01,25.0,GSW,PF,67,35.0,17.3,2.9,6.6,0.44,1.4,4.1,0.336,1.5,2.4,0.617,0.546,0.5,0.6,0.791,1.0,3.0,4.0,1.4,0.4,0.5,0.8,1.9,7.7
2026,NBA,Micah Potter,pottemi01,27.0,IND,C,47,7.0,19.3,3.2,6.2,0.515,1.5,3.6,0.423,1.7,2.7,0.64,0.637,1.8,2.1,0.842,1.2,3.7,5.0,1.5,0.5,0.3,1.0,1.7,9.7
2026,NBA,John Poulakidas,poulajo01,22.0,DAL,SG,13,0.0,19.5,3.0,7.0,0.429,2.4,5.9,0.403,0.6,1.1,0.571,0.599,0.5,0.5,0.857,0.3,2.0,2.3,0.8,0.5,0.3,0.3,2.2,8.8
2026,NBA,Drake Powell,poweldr01,20.0,BRK,SG,63,24.0,21.0,2.3,5.7,0.402,0.8,2.9,0.28,1.5,2.8,0.528,0.473,1.1,1.2,0.896,0.3,1.4,1.8,1.4,0.6,0.2,1.0,1.4,6.5
2026,NBA,Dwight Powell,poweldw01,34.0,DAL,C,63,12.0,14.3,1.0,1.6,0.644,0.0,0.1,0.286,1.0,1.5,0.67,0.653,1.2,1.8,0.696,1.5,2.6,4.1,1.1,0.5,0.3,0.7,2.1,3.3
2026,NBA,Norman Powell,powelno01,32.0,MIA,SG,58,52.0,29.6,7.3,15.4,0.47,2.7,7.1,0.38,4.6,8.4,0.546,0.558,4.5,5.5,0.827,0.4,3.1,3.5,2.5,1.1,0.2,1.9,2.2,21.7
2026,NBA,Taurean Prince,princta02,31.0,MIL,SF,26,7.0,23.5,3.3,7.3,0.45,2.3,5.4,0.436,1.0,2.0,0.49,0.61,0.2,0.2,1.0,0.2,3.0,3.1,1.8,0.6,0.2,1.2,1.8,9.2
2026,NBA,Payton Pritchard,pritcpa01,28.0,BOS,PG,79,50.0,32.4,6.4,13.8,0.464,2.7,7.1,0.377,3.7,6.7,0.556,0.561,1.5,1.7,0.89,0.9,3.1,3.9,5.2,0.7,0.1,1.4,1.5,17.0
2026,NBA,Tyrese Proctor,proctty01,21.0,CLE,PG,50,1.0,10.9,1.9,4.5,0.413,0.9,2.6,0.351,0.9,1.9,0.5,0.516,0.8,0.9,0.889,0.2,1.1,1.3,1.5,0.5,0.0,0.8,1.2,5.4
2026,NBA,Olivier-Maxence Prosper,prospol01,23.0,MEM,PF,53,24.0,18.6,3.6,6.6,0.549,1.1,2.8,0.405,2.5,3.8,0.653,0.634,1.6,2.2,0.754,1.1,2.4,3.5,1.0,0.8,0.2,0.9,1.6,10.0
2026,NBA,Zyon Pullin,pullizy01,24.0,MIN,SG,5,0.0,8.6,1.8,2.6,0.692,0.2,0.6,0.333,1.6,2.0,0.8,0.731,0.8,0.8,1.0,0.2,0.4,0.6,1.8,0.2,0.0,0.6,1.2,4.6
2026,NBA,Derik Queen,queende01,21.0,NOP,C,81,48.0,25.0,4.4,9.2,0.473,0.3,1.1,0.261,4.1,8.1,0.502,0.489,2.7,3.4,0.795,1.7,5.4,7.1,3.7,1.0,0.9,2.3,2.7,11.7
2026,NBA,Neemias Queta,quetane01,26.0,BOS,C,76,75.0,25.3,4.3,6.6,0.653,0.0,0.1,0.125,4.3,6.5,0.662,0.654,1.6,2.3,0.703,3.0,5.3,8.4,1.7,0.8,1.3,1.0,2.8,10.2
2026,NBA,Immanuel Quickley,quickim01,26.0,TOR,PG,70,70.0,31.9,5.7,12.9,0.443,2.5,6.8,0.374,3.2,6.1,0.52,0.541,2.4,3.0,0.821,0.5,3.5,4.0,5.9,1.3,0.1,1.5,2.0,16.4
2026,NBA,Julius Randle,randlju01,31.0,MIN,PF,79,79.0,33.0,7.3,15.3,0.481,1.4,4.4,0.315,6.0,10.9,0.547,0.526,5.0,6.3,0.802,1.7,5.1,6.7,5.0,1.1,0.2,2.7,2.8,21.1
2026,NBA,Maxime Raynaud,raynama01,22.0,SAC,C,74,56.0,26.5,5.2,9.1,0.571,0.3,1.0,0.324,4.9,8.1,0.601,0.589,1.8,2.3,0.786,1.9,5.6,7.5,1.4,0.5,0.5,1.3,2.3,12.5
2026,NBA,Duop Reath,reathdu01,29.0,POR,C,32,0.0,8.1,1.0,2.3,0.446,0.7,1.7,0.418,0.3,0.6,0.526,0.601,0.2,0.2,0.833,0.3,0.9,1.2,0.3,0.2,0.3,0.2,0.9,2.9
2026,NBA,Austin Reaves,reaveau01,27.0,LAL,SG,51,45.0,34.5,7.3,14.9,0.49,2.3,6.4,0.36,5.0,8.5,0.588,0.567,6.3,7.3,0.871,0.6,4.1,4.7,5.5,1.1,0.4,3.0,2.2,23.3
2026,NBA,Paul Reed,reedpa01,26.0,DET,C,65,11.0,13.9,3.2,5.2,0.617,0.2,0.6,0.325,3.0,4.6,0.656,0.636,1.1,1.7,0.664,2.0,2.5,4.5,1.2,0.9,0.9,0.9,1.8,7.8
2026,NBA,Julian Reese,reeseju01,22.0,WAS,PF,13,10.0,30.9,4.8,9.2,0.529,0.0,0.0,,4.8,9.2,0.529,0.529,2.2,3.4,0.636,4.2,6.3,10.5,1.8,1.4,0.6,2.5,3.2,11.8
2026,NBA,Antonio Reeves,reevean01,25.0,CHO,SG,10,0.0,6.8,1.0,2.0,0.5,0.7,1.3,0.538,0.3,0.7,0.429,0.675,0.0,0.0,,0.2,0.6,0.8,0.3,0.1,0.0,0.1,0.3,2.7
2026,NBA,Naz Reid,reidna01,26.0,MIN,C,77,3.0,26.1,5.2,11.3,0.456,2.1,5.8,0.362,3.1,5.5,0.556,0.549,1.2,1.6,0.732,1.2,5.0,6.2,2.2,1.0,1.0,1.6,2.5,13.6
2026,NBA,Jase Richardson,richaja02,20.0,ORL,SG,54,0.0,10.9,1.6,3.5,0.473,0.5,1.5,0.354,1.1,2.0,0.56,0.548,0.6,0.9,0.717,0.4,0.8,1.2,1.1,0.4,0.0,0.5,1.0,4.4
2026,NBA,Nick Richards,richani01,28.0,2TM,C,48,6.0,14.6,2.1,4.2,0.512,0.1,0.4,0.278,2.0,3.8,0.536,0.525,1.4,2.1,0.644,1.6,3.5,5.1,0.3,0.2,0.7,1.2,1.8,5.8
2026,NBA,Nick Richards,richani01,28.0,PHO,C,28,2.0,9.1,1.3,2.5,0.493,0.0,0.0,,1.3,2.5,0.493,0.493,0.7,1.0,0.679,1.3,2.0,3.3,0.3,0.1,0.5,0.9,1.4,3.2
2026,NBA,Nick Richards,richani01,28.0,CHI,C,20,4.0,22.4,3.4,6.5,0.523,0.3,0.9,0.278,3.2,5.6,0.563,0.542,2.3,3.7,0.63,2.1,5.5,7.6,0.4,0.3,0.9,1.7,2.5,9.4
2026,NBA,Will Richard,richawi02,23.0,GSW,SG,69,21.0,20.0,2.3,5.0,0.468,1.0,3.1,0.335,1.3,1.9,0.679,0.571,0.7,0.8,0.852,1.0,1.5,2.5,1.3,1.2,0.1,0.8,1.9,6.4
2026,NBA,Kadary Richmond,richmka01,24.0,WAS,SG,3,0.0,22.3,3.3,5.3,0.625,0.7,1.3,0.5,2.7,4.0,0.667,0.688,1.0,1.0,1.0,0.3,3.0,3.3,2.7,2.7,0.3,0.7,0.7,8.3
2026,NBA,Will Riley,rileywi01,19.0,WAS,SF,74,18.0,22.1,3.7,8.4,0.439,1.1,3.3,0.316,2.6,5.0,0.52,0.502,1.9,2.4,0.8,0.8,2.1,2.9,2.0,0.7,0.1,1.3,1.2,10.3
2026,NBA,Zaccharie Risacher,risacza01,20.0,ATL,SF,67,46.0,22.4,3.6,8.0,0.455,1.4,3.9,0.368,2.2,4.1,0.536,0.544,0.9,1.3,0.644,1.1,2.8,3.8,1.1,0.9,0.5,0.9,2.2,9.6
2026,NBA,Duncan Robinson,robindu01,31.0,DET,SF,77,77.0,27.4,4.1,9.1,0.456,2.9,7.0,0.41,1.3,2.1,0.605,0.613,1.1,1.4,0.755,0.4,2.3,2.7,2.1,0.6,0.3,0.7,2.2,12.2
2026,NBA,Jeremiah Robinson-Earl,robinje02,25.0,2TM,PF,22,3.0,16.4,1.7,4.5,0.37,0.5,1.9,0.244,1.2,2.7,0.458,0.42,0.8,0.8,0.944,1.6,3.0,4.7,0.7,0.4,0.0,0.5,1.2,4.6
2026,NBA,Jeremiah Robinson-Earl,robinje02,25.0,IND,PF,17,3.0,17.6,1.7,4.9,0.349,0.5,1.9,0.242,1.2,2.9,0.42,0.398,0.8,0.8,0.929,1.9,3.3,5.2,0.7,0.4,0.1,0.6,1.4,4.6
2026,NBA,Jeremiah Robinson-Earl,robinje02,25.0,DAL,PF,5,0.0,12.2,1.6,3.4,0.471,0.4,1.6,0.25,1.2,1.8,0.667,0.529,0.8,0.8,1.0,0.8,2.2,3.0,0.6,0.4,0.0,0.4,0.6,4.4
2026,NBA,Mitchell Robinson,robinmi01,27.0,NYK,C,60,16.0,19.6,2.5,3.4,0.723,0.0,0.0,,2.5,3.4,0.723,0.723,0.7,1.7,0.408,4.2,4.6,8.8,0.9,0.9,1.2,0.7,2.1,5.7
2026,NBA,Orlando Robinson,robinor01,25.0,ORL,C,4,1.0,6.3,0.8,1.3,0.6,0.3,0.5,0.5,0.5,0.8,0.667,0.7,0.0,0.0,,0.5,0.5,1.0,0.8,0.3,0.0,0.0,0.8,1.8
2026,NBA,David Roddy,roddyda01,24.0,DEN,PF,5,0.0,14.6,3.0,6.0,0.5,0.6,2.2,0.273,2.4,3.8,0.632,0.55,1.4,1.4,1.0,1.6,2.4,4.0,0.8,0.8,0.2,0.4,1.4,8.0
2026,NBA,Ryan Rollins,rolliry01,23.0,MIL,PG,74,67.0,32.1,6.6,13.9,0.472,2.5,6.1,0.406,4.1,7.8,0.523,0.561,1.7,2.1,0.796,0.7,3.8,4.6,5.6,1.5,0.4,2.7,2.6,17.3
2026,NBA,Rayan Rupert,ruperra01,21.0,2TM,SG,64,8.0,16.8,1.9,4.9,0.393,0.7,2.1,0.324,1.2,2.8,0.446,0.463,0.7,0.8,0.778,0.8,2.2,2.9,1.1,0.9,0.1,0.9,1.9,5.2
2026,NBA,Rayan Rupert,ruperra01,21.0,POR,SG,48,0.0,12.0,1.1,3.1,0.361,0.5,1.5,0.31,0.6,1.6,0.408,0.435,0.2,0.3,0.643,0.5,1.3,1.8,0.7,0.6,0.0,0.6,1.3,2.9
2026,NBA,Rayan Rupert,ruperra01,21.0,MEM,SG,16,8.0,30.9,4.4,10.4,0.422,1.4,4.1,0.338,3.0,6.3,0.475,0.488,2.1,2.5,0.825,1.6,4.8,6.4,2.1,1.6,0.4,1.7,4.0,12.2
2026,NBA,D'Angelo Russell,russeda01,29.0,DAL,PG,26,3.0,19.0,3.6,8.9,0.405,1.3,4.3,0.295,2.3,4.6,0.508,0.476,1.7,2.3,0.717,0.3,2.0,2.3,4.0,0.5,0.1,1.9,1.2,10.2
2026,NBA,Cormac Ryan,ryanco01,27.0,MIL,SG,11,2.0,24.6,4.8,9.3,0.52,2.5,5.4,0.458,2.4,3.9,0.605,0.652,2.2,2.4,0.923,0.7,1.8,2.5,1.7,1.0,0.3,1.5,2.5,14.3
2026,NBA,Domantas Sabonis,sabondo01,29.0,SAC,C,19,15.0,29.7,6.3,11.6,0.543,0.3,1.4,0.185,6.1,10.2,0.593,0.554,2.9,4.1,0.727,3.4,8.0,11.4,4.1,0.9,0.2,2.7,3.5,15.8
2026,NBA,Tidjane Salaün,salauti01,20.0,CHO,PF,37,0.0,15.5,2.2,4.3,0.503,1.0,2.2,0.434,1.2,2.1,0.579,0.616,0.7,1.1,0.65,0.7,3.3,4.0,0.7,0.4,0.2,0.7,1.5,6.0
2026,NBA,Hunter Sallis,sallihu01,22.0,PHI,SG,7,0.0,3.7,0.4,0.7,0.6,0.0,0.0,,0.4,0.7,0.6,0.6,0.1,0.3,0.5,0.0,0.1,0.1,0.6,0.0,0.1,0.7,0.3,1.0
2026,NBA,Kobe Sanders,sandeko01,23.0,LAC,SG,68,16.0,19.9,2.6,5.6,0.466,1.2,2.9,0.408,1.5,2.8,0.527,0.57,0.8,1.0,0.826,0.4,1.8,2.3,1.6,0.7,0.1,1.2,2.1,7.3
2026,NBA,Payton Sandfort,sandfpa01,23.0,OKC,SF,4,0.0,15.8,3.3,6.5,0.5,1.8,4.3,0.412,1.5,2.3,0.667,0.635,0.5,1.0,0.5,0.3,2.3,2.5,0.0,0.3,0.0,0.3,2.0,8.8
2026,NBA,Gui Santos,santogu01,23.0,GSW,PF,68,30.0,20.5,3.4,6.8,0.5,1.1,3.3,0.351,2.2,3.5,0.639,0.585,1.3,1.8,0.725,1.1,2.8,3.9,2.3,0.9,0.3,1.5,2.1,9.2
2026,NBA,Ben Saraf,sarafbe01,19.0,BRK,SG,44,11.0,20.8,2.7,6.9,0.396,0.4,2.0,0.211,2.3,4.8,0.474,0.427,1.7,2.0,0.83,0.5,1.6,2.1,3.3,0.9,0.2,2.3,1.8,7.5
2026,NBA,Dario Šarić,saricda01,31.0,SAC,C,5,0.0,8.2,0.2,1.2,0.167,0.2,0.6,0.333,0.0,0.6,0.0,0.25,0.4,0.4,1.0,0.2,1.0,1.2,0.4,0.0,0.0,0.4,0.6,1.0
2026,NBA,Alex Sarr,sarral01,20.0,WAS,C,48,48.0,27.2,6.6,13.7,0.482,1.0,3.1,0.333,5.5,10.5,0.526,0.52,2.1,3.0,0.692,2.2,5.2,7.4,2.7,0.8,2.0,1.7,2.2,16.3
2026,NBA,Olivier Sarr,sarrol01,26.0,CLE,C,4,0.0,9.8,1.3,1.8,0.714,0.5,0.8,0.667,0.8,1.0,0.75,0.857,0.5,1.3,0.4,0.5,2.3,2.8,1.3,0.5,0.8,0.5,2.3,3.5
2026,NBA,Marcus Sasser,sassema01,25.0,DET,PG,38,5.0,12.0,1.8,4.7,0.39,1.2,2.8,0.415,0.7,1.9,0.352,0.514,0.4,0.5,0.833,0.2,0.8,1.0,2.0,0.5,0.1,0.8,1.1,5.2
2026,NBA,Baylor Scheierman,scheiba01,25.0,BOS,SG,77,20.0,18.6,2.0,4.3,0.453,1.3,3.2,0.399,0.7,1.2,0.6,0.599,0.4,0.4,0.903,0.7,2.8,3.5,1.5,0.5,0.1,0.6,1.4,5.5
2026,NBA,Dennis Schröder,schrode01,32.0,2TM,PG,70,17.0,24.2,3.6,9.0,0.405,1.1,3.3,0.329,2.6,5.7,0.449,0.465,2.4,2.9,0.834,0.5,2.2,2.7,4.9,0.8,0.2,1.8,1.6,10.8
2026,NBA,Dennis Schröder,schrode01,32.0,SAC,PG,40,14.0,26.4,4.3,10.6,0.408,1.4,4.2,0.343,2.9,6.4,0.449,0.475,2.7,3.3,0.82,0.6,2.5,3.1,5.3,0.8,0.2,2.0,1.7,12.8
2026,NBA,Dennis Schröder,schrode01,32.0,CLE,PG,30,3.0,21.4,2.8,6.9,0.401,0.6,2.1,0.29,2.2,4.8,0.448,0.444,2.1,2.4,0.861,0.4,1.9,2.3,4.3,0.8,0.2,1.5,1.4,8.2
2026,NBA,Tre Scott,scotttr01,29.0,BRK,PF,6,4.0,30.3,3.2,8.3,0.38,1.0,3.2,0.316,2.2,5.2,0.419,0.44,0.7,1.0,0.667,1.7,3.5,5.2,1.7,1.3,0.8,0.7,2.0,8.0
2026,NBA,Mark Sears,searsma01,23.0,MIL,PG,7,0.0,3.7,0.9,1.9,0.462,0.6,1.1,0.5,0.3,0.7,0.4,0.615,0.9,1.1,0.75,0.1,0.1,0.3,0.3,0.0,0.0,0.6,0.6,3.1
2026,NBA,Alperen Şengün,sengual01,23.0,HOU,C,72,72.0,33.3,8.1,15.6,0.519,0.6,1.8,0.305,7.5,13.8,0.547,0.537,3.6,5.2,0.691,3.0,5.9,8.9,6.2,1.2,1.1,3.2,3.3,20.4
2026,NBA,Brice Sensabaugh,sensabr01,22.0,UTA,SF,75,22.0,23.5,5.3,11.4,0.46,2.2,5.9,0.367,3.1,5.5,0.559,0.554,2.2,2.7,0.826,0.7,2.3,3.1,1.9,0.7,0.2,1.7,1.9,14.9
2026,NBA,Collin Sexton,sextoco01,27.0,2TM,SG,68,22.0,23.7,5.3,10.9,0.485,1.6,4.1,0.401,3.6,6.8,0.536,0.561,3.2,3.8,0.855,0.6,1.7,2.3,3.3,1.1,0.1,2.1,2.1,15.4
2026,NBA,Collin Sexton,sextoco01,27.0,CHO,SG,42,12.0,22.3,4.8,9.9,0.488,1.4,3.5,0.393,3.5,6.4,0.539,0.557,3.2,3.7,0.877,0.4,1.5,1.9,3.7,0.9,0.2,2.1,1.8,14.2
2026,NBA,Collin Sexton,sextoco01,27.0,CHI,SG,26,10.0,26.0,6.1,12.6,0.482,2.1,5.2,0.41,4.0,7.5,0.531,0.566,3.2,3.9,0.822,0.9,2.0,2.9,2.5,1.5,0.1,2.0,2.7,17.5
2026,NBA,Landry Shamet,shamela01,28.0,NYK,SG,51,12.0,23.0,3.1,7.1,0.437,2.0,5.2,0.392,1.1,2.0,0.554,0.578,1.1,1.5,0.711,0.5,1.4,1.8,1.4,0.6,0.2,0.6,1.5,9.3
2026,NBA,Terrence Shannon Jr.,shannte01,25.0,MIN,SG,43,2.0,12.5,1.8,4.0,0.45,0.7,1.8,0.408,1.1,2.2,0.484,0.541,1.3,1.6,0.8,0.2,0.9,1.1,0.9,0.3,0.0,0.6,1.2,5.6
2026,NBA,Day'Ron Sharpe,sharpda01,24.0,BRK,C,62,7.0,18.7,3.5,5.7,0.601,0.1,0.6,0.231,3.3,5.1,0.647,0.614,1.7,2.5,0.678,2.8,3.9,6.7,2.3,1.1,0.4,1.7,2.4,8.7
2026,NBA,Shaedon Sharpe,sharpsh01,22.0,POR,SG,50,42.0,29.4,7.8,17.4,0.452,2.1,6.1,0.337,5.8,11.2,0.514,0.511,3.1,3.9,0.787,1.0,3.3,4.3,2.6,1.4,0.1,2.9,2.0,20.8
2026,NBA,Jamal Shead,sheadja01,23.0,TOR,PG,82,12.0,22.6,2.3,6.1,0.367,1.0,3.2,0.321,1.2,3.0,0.417,0.45,1.1,1.4,0.784,0.3,1.4,1.7,5.4,0.9,0.2,1.4,2.0,6.6
2026,NBA,Ben Sheppard,sheppbe01,24.0,IND,SG,65,20.0,21.4,2.6,6.0,0.434,1.3,3.6,0.362,1.3,2.4,0.542,0.543,0.6,0.8,0.765,0.7,2.3,3.0,1.8,0.6,0.1,0.6,1.8,7.1
2026,NBA,Reed Sheppard,sheppre01,21.0,HOU,SG,82,21.0,26.2,5.0,11.5,0.43,2.8,7.0,0.394,2.2,4.5,0.486,0.55,0.8,1.0,0.802,0.3,2.6,2.9,3.4,1.5,0.7,1.5,2.0,13.5
2026,NBA,Max Shulga,shulgma01,23.0,BOS,SG,11,1.0,3.3,0.2,0.7,0.25,0.1,0.4,0.25,0.1,0.4,0.25,0.313,0.2,0.2,1.0,0.3,0.3,0.5,0.2,0.1,0.0,0.3,0.9,0.6
2026,NBA,Pascal Siakam,siakapa01,31.0,IND,PF,62,62.0,33.2,9.0,18.6,0.484,1.7,4.7,0.358,7.3,13.9,0.527,0.529,4.2,6.1,0.693,1.4,5.2,6.6,3.8,1.1,0.4,2.2,2.4,24.0
2026,NBA,Anfernee Simons,simonan01,26.0,2TM,SG,55,5.0,24.9,5.2,11.8,0.44,2.7,6.9,0.385,2.5,4.9,0.517,0.552,1.3,1.4,0.896,0.6,1.9,2.5,2.4,0.5,0.1,1.2,1.7,14.3
2026,NBA,Anfernee Simons,simonan01,26.0,BOS,SG,49,0.0,24.5,5.1,11.6,0.44,2.7,6.7,0.395,2.4,4.9,0.502,0.555,1.3,1.5,0.889,0.5,1.9,2.4,2.4,0.6,0.1,1.1,1.7,14.2
2026,NBA,Anfernee Simons,simonan01,26.0,CHI,SG,6,5.0,28.3,5.8,13.3,0.438,2.7,8.3,0.32,3.2,5.0,0.633,0.538,0.8,0.8,1.0,0.8,2.0,2.8,3.0,0.0,0.3,2.2,2.0,15.2
2026,NBA,KJ Simpson,simpskj01,23.0,2TM,PG,20,2.0,12.9,1.7,5.0,0.343,0.6,2.0,0.3,1.1,3.0,0.373,0.404,0.6,0.9,0.611,0.5,1.4,1.9,2.2,0.8,0.0,1.3,0.9,4.6
2026,NBA,KJ Simpson,simpskj01,23.0,CHO,PG,14,2.0,15.9,2.2,6.4,0.348,0.9,2.8,0.308,1.4,3.6,0.38,0.416,0.7,1.1,0.625,0.4,1.7,2.1,2.5,1.1,0.0,1.7,1.0,6.0
2026,NBA,KJ Simpson,simpskj01,23.0,DEN,PG,6,0.0,5.7,0.5,1.7,0.3,0.0,0.2,0.0,0.5,1.5,0.333,0.3,0.2,0.3,0.5,0.7,0.7,1.3,1.3,0.2,0.0,0.2,0.7,1.2
2026,NBA,Jericho Sims,simsje01,27.0,MIL,C,67,19.0,19.7,2.2,2.8,0.784,0.0,0.0,,2.2,2.8,0.784,0.784,0.7,1.1,0.62,2.2,3.3,5.5,1.6,0.3,0.3,1.1,2.2,5.0
2026,NBA,Jalen Slawson,slawsja01,26.0,IND,SF,13,6.0,23.9,2.6,5.9,0.442,1.2,3.1,0.375,1.5,2.8,0.514,0.539,0.9,1.3,0.706,0.5,3.8,4.4,2.8,1.5,1.1,1.3,2.1,7.3
2026,NBA,Javon Small,smallja01,23.0,MEM,PG,41,12.0,20.2,3.3,7.0,0.465,1.5,3.5,0.423,1.8,3.6,0.507,0.569,1.7,2.0,0.829,0.9,2.2,3.1,3.7,0.8,0.2,1.4,1.6,9.7
2026,NBA,Marcus Smart,smartma01,31.0,LAL,SG,62,54.0,28.5,3.0,7.7,0.395,1.6,4.7,0.331,1.5,3.0,0.497,0.497,1.7,2.1,0.822,0.6,2.2,2.8,3.0,1.4,0.4,1.5,2.6,9.3
2026,NBA,Dru Smith,smithdr01,28.0,MIA,SG,70,1.0,16.3,1.9,4.6,0.415,0.5,1.8,0.295,1.4,2.8,0.495,0.474,1.2,1.5,0.829,0.9,1.6,2.5,2.6,1.4,0.3,0.8,1.6,5.6
2026,NBA,Jalen Smith,smithja04,25.0,CHI,C,53,21.0,20.7,3.7,7.6,0.483,1.5,4.2,0.373,2.1,3.5,0.614,0.584,1.3,1.8,0.742,1.8,4.8,6.7,1.2,0.5,0.8,1.0,2.1,10.2
2026,NBA,Jabari Smith Jr.,smithja05,22.0,HOU,PF,77,77.0,35.1,5.7,12.6,0.45,2.3,6.3,0.363,3.4,6.3,0.537,0.541,2.1,2.7,0.775,1.4,5.5,6.9,1.9,0.7,0.9,1.4,2.5,15.8
2026,NBA,Malachi Smith,smithma02,26.0,BRK,SG,15,4.0,23.9,3.2,6.6,0.485,1.3,3.1,0.435,1.9,3.5,0.528,0.586,0.5,0.5,1.0,0.8,2.6,3.4,3.3,0.8,0.3,0.9,0.9,8.3
2026,NBA,Nick Smith Jr.,smithni01,21.0,LAL,SG,30,1.0,12.5,2.3,5.4,0.435,1.1,2.9,0.395,1.2,2.5,0.48,0.54,0.4,0.5,0.733,0.1,0.7,0.8,1.0,0.3,0.1,0.7,0.9,6.2
2026,NBA,Tolu Smith,smithto05,25.0,DET,PF,15,0.0,9.1,1.2,2.4,0.5,0.0,0.0,,1.2,2.4,0.5,0.5,1.3,2.0,0.667,1.5,1.8,3.3,0.9,0.1,0.4,0.5,1.5,3.7
2026,NBA,Tyler Smith,smithty02,21.0,DAL,PF,12,0.0,13.8,1.8,4.2,0.42,0.8,2.9,0.286,0.9,1.3,0.733,0.52,0.3,0.5,0.667,1.0,1.8,2.8,0.4,0.5,0.0,0.5,1.1,4.7
2026,NBA,Jeremy Sochan,sochaje01,22.0,2TM,PF,44,0.0,10.7,1.5,2.9,0.496,0.3,1.0,0.244,1.2,1.9,0.631,0.539,0.4,0.6,0.731,0.8,1.6,2.4,0.9,0.4,0.2,0.5,1.4,3.6
2026,NBA,Jeremy Sochan,sochaje01,22.0,SAS,PF,28,0.0,12.8,1.7,3.5,0.475,0.3,1.3,0.257,1.4,2.3,0.594,0.52,0.4,0.6,0.688,0.9,1.7,2.6,1.0,0.4,0.2,0.6,1.8,4.1
2026,NBA,Jeremy Sochan,sochaje01,22.0,NYK,PF,16,0.0,6.9,1.1,1.9,0.567,0.1,0.6,0.2,0.9,1.3,0.75,0.6,0.5,0.6,0.8,0.7,1.4,2.1,0.8,0.4,0.1,0.2,0.8,2.8
2026,NBA,Cam Spencer,spencca01,25.0,MEM,SG,72,20.0,23.8,3.7,7.7,0.473,2.0,4.5,0.449,1.6,3.2,0.506,0.604,1.8,1.9,0.94,0.6,2.0,2.5,5.6,0.7,0.2,1.3,1.4,11.1
2026,NBA,Pat Spencer,spencpa01,29.0,GSW,PG,66,14.0,18.6,2.8,6.6,0.427,0.9,2.5,0.357,1.9,4.1,0.47,0.495,0.7,0.9,0.772,0.8,1.6,2.4,3.5,0.7,0.1,1.3,1.1,7.2
2026,NBA,Isaiah Stevens,steveis01,25.0,SAC,PG,3,0.0,14.3,1.0,2.3,0.429,0.0,0.3,0.0,1.0,2.0,0.5,0.429,1.3,1.3,1.0,0.7,0.3,1.0,3.3,1.7,0.0,0.7,0.7,3.3
2026,NBA,Isaiah Stewart,stewais01,24.0,DET,C,58,13.0,22.7,3.8,6.9,0.55,0.7,2.1,0.333,3.1,4.9,0.642,0.6,1.7,2.3,0.756,1.7,3.3,5.0,1.1,0.3,1.6,1.2,2.9,10.0
2026,NBA,Julian Strawther,strawju01,23.0,DEN,SG,57,14.0,15.1,2.6,5.6,0.467,1.0,2.6,0.387,1.6,3.0,0.538,0.558,1.0,1.2,0.814,0.2,1.8,2.0,1.1,0.4,0.1,0.6,1.3,7.2
2026,NBA,Max Strus,strusma01,29.0,CLE,SF,12,5.0,24.0,3.9,8.8,0.443,2.8,6.8,0.402,1.2,2.0,0.583,0.599,0.6,0.8,0.778,0.8,4.7,5.4,2.0,0.3,0.0,0.8,2.8,11.2
2026,NBA,Jalen Suggs,suggsja01,24.0,ORL,PG,57,56.0,27.6,4.9,11.4,0.435,2.1,6.3,0.339,2.8,5.1,0.554,0.529,1.8,2.1,0.855,0.6,3.2,3.9,5.5,1.8,0.7,2.7,2.5,13.8
2026,NBA,Jae'Sean Tate,tateja01,30.0,HOU,SF,46,1.0,8.8,1.2,2.4,0.514,0.2,0.7,0.313,1.0,1.7,0.597,0.56,0.2,0.2,0.636,0.7,0.9,1.6,0.5,0.2,0.1,0.3,1.0,2.8
2026,NBA,Jayson Tatum,tatumja01,27.0,BOS,PF,16,16.0,32.6,7.4,17.9,0.411,2.9,8.9,0.329,4.4,9.0,0.493,0.493,4.1,4.9,0.823,0.5,9.5,10.0,5.3,1.4,0.2,2.4,1.6,21.8
2026,NBA,Jahmyl Telfort,telfoja01,24.0,LAC,PF,8,0.0,4.0,0.0,0.5,0.0,0.0,0.5,0.0,0.0,0.0,,0.0,0.1,0.5,0.25,0.0,0.4,0.4,0.1,0.1,0.0,0.1,0.6,0.1
2026,NBA,Garrett Temple,templga01,39.0,TOR,SG,22,0.0,3.3,0.2,0.7,0.267,0.1,0.5,0.25,0.0,0.1,0.333,0.367,0.3,0.4,0.667,0.0,0.4,0.4,0.4,0.2,0.1,0.3,0.3,0.8
2026,NBA,Dalen Terry,terryda01,23.0,2TM,SG,48,0.0,11.5,1.4,3.2,0.439,0.5,1.4,0.364,0.9,1.9,0.494,0.516,0.3,0.6,0.533,0.5,1.3,1.8,1.4,0.6,0.3,0.5,1.0,3.7
2026,NBA,Dalen Terry,terryda01,23.0,CHI,SG,34,0.0,11.1,1.3,3.0,0.441,0.6,1.4,0.413,0.8,1.6,0.464,0.534,0.3,0.5,0.529,0.6,1.3,1.9,1.3,0.6,0.3,0.6,1.0,3.5
2026,NBA,Dalen Terry,terryda01,23.0,PHI,SG,14,0.0,12.4,1.6,3.8,0.434,0.4,1.4,0.25,1.3,2.4,0.545,0.481,0.5,0.9,0.538,0.5,1.1,1.6,1.6,0.5,0.3,0.4,1.1,4.1
2026,NBA,Adou Thiero,thierad01,21.0,LAL,SF,25,0.0,6.0,0.6,1.2,0.516,0.0,0.1,0.333,0.6,1.1,0.536,0.532,0.6,0.9,0.636,0.4,0.8,1.1,0.4,0.3,0.1,0.4,0.8,1.9
2026,NBA,Cam Thomas,thomaca02,24.0,2TM,SG,42,8.0,21.0,4.5,11.0,0.41,1.2,4.0,0.31,3.3,7.0,0.468,0.466,3.3,4.0,0.811,0.3,1.4,1.7,2.6,0.2,0.1,1.8,1.0,13.5
2026,NBA,Cam Thomas,thomaca02,24.0,BRK,SG,24,8.0,24.3,5.1,12.8,0.399,1.6,4.9,0.325,3.5,8.0,0.445,0.461,3.8,4.5,0.843,0.4,1.4,1.8,3.1,0.2,0.1,2.0,1.3,15.6
2026,NBA,Cam Thomas,thomaca02,24.0,MIL,SG,18,0.0,16.6,3.7,8.5,0.431,0.8,2.8,0.275,2.9,5.7,0.51,0.477,2.6,3.4,0.754,0.1,1.4,1.6,1.9,0.3,0.1,1.4,0.7,10.7
2026,NBA,Amen Thompson,thompam01,23.0,HOU,PG,79,79.0,37.4,7.1,13.2,0.534,0.3,1.5,0.216,6.7,11.7,0.573,0.545,3.8,4.9,0.779,3.0,4.8,7.8,5.3,1.5,0.6,2.4,2.2,18.3
2026,NBA,Ausar Thompson,thompau01,23.0,DET,SF,73,72.0,26.0,4.2,7.9,0.525,0.1,0.3,0.25,4.1,7.6,0.537,0.53,1.5,2.6,0.571,2.1,3.7,5.7,3.1,2.0,0.9,1.5,2.7,9.9
2026,NBA,Ethan Thompson,thompet01,26.0,IND,SG,32,13.0,20.4,2.3,6.1,0.378,1.2,3.6,0.328,1.1,2.5,0.45,0.474,1.2,1.5,0.787,0.5,1.6,2.2,1.8,0.6,0.3,0.8,2.2,7.0
2026,NBA,Klay Thompson,thompkl01,35.0,DAL,SF,69,8.0,21.7,4.1,10.6,0.393,2.9,7.6,0.383,1.2,2.9,0.418,0.532,0.5,0.7,0.766,0.3,1.8,2.1,1.4,0.5,0.3,0.9,1.0,11.7
2026,NBA,Matisse Thybulle,thybuma01,28.0,POR,SG,30,0.0,16.0,1.9,4.5,0.433,1.2,3.1,0.398,0.7,1.4,0.512,0.571,0.7,0.8,0.84,0.6,1.4,2.0,0.9,2.0,0.5,0.9,1.4,5.8
2026,NBA,Xavier Tillman Sr.,tillmxa01,27.0,2TM,C,30,1.0,6.1,0.7,1.5,0.435,0.1,0.6,0.167,0.6,0.9,0.607,0.467,0.0,0.1,0.25,0.6,0.8,1.4,0.4,0.3,0.2,0.3,0.5,1.5
2026,NBA,Xavier Tillman Sr.,tillmxa01,27.0,BOS,C,14,1.0,7.9,1.0,2.2,0.452,0.2,1.1,0.2,0.8,1.1,0.688,0.5,0.0,0.0,,0.7,1.1,1.8,0.4,0.4,0.1,0.4,0.6,2.2
2026,NBA,Xavier Tillman Sr.,tillmxa01,27.0,CHO,C,16,0.0,4.5,0.4,0.9,0.4,0.0,0.2,0.0,0.4,0.8,0.5,0.4,0.1,0.3,0.25,0.6,0.6,1.1,0.5,0.2,0.2,0.2,0.4,0.8
2026,NBA,Drew Timme,timmedr01,25.0,LAL,PF,27,1.0,8.7,1.4,2.4,0.576,0.4,0.9,0.44,1.0,1.5,0.659,0.659,0.2,0.3,0.556,0.4,0.9,1.2,0.9,0.2,0.0,0.5,0.7,3.4
2026,NBA,Nae'Qwan Tomlin,tomlina01,25.0,CLE,PF,64,3.0,15.7,2.3,4.9,0.478,0.4,1.8,0.235,1.9,3.1,0.618,0.521,0.7,1.0,0.77,1.3,1.6,2.9,0.8,0.6,0.5,0.5,2.0,5.8
2026,NBA,John Tonje,tonjejo01,24.0,BOS,SG,6,0.0,7.0,0.7,2.3,0.286,0.5,1.7,0.3,0.2,0.7,0.25,0.393,0.7,0.7,1.0,0.0,1.0,1.0,0.3,0.3,0.0,0.0,0.8,2.5
2026,NBA,Nikola Topić,topicni01,20.0,OKC,PG,10,2.0,16.0,2.2,5.1,0.431,0.6,1.5,0.4,1.6,3.6,0.444,0.49,0.2,0.5,0.4,0.7,1.2,1.9,4.4,0.5,0.0,2.5,1.3,5.2
2026,NBA,Jacob Toppin,toppija01,25.0,ATL,SF,5,0.0,3.4,0.8,1.2,0.667,0.0,0.0,,0.8,1.2,0.667,0.667,0.0,0.0,,0.0,0.2,0.2,0.2,0.0,0.2,0.0,0.2,1.6
2026,NBA,Obi Toppin,toppiob01,27.0,IND,PF,24,3.0,17.7,4.2,8.3,0.503,1.5,4.4,0.352,2.6,3.9,0.67,0.595,1.8,1.9,0.913,0.5,3.9,4.4,2.3,0.5,0.0,1.2,1.2,11.6
2026,NBA,Karl-Anthony Towns,townska01,30.0,NYK,C,75,75.0,31.0,6.9,13.8,0.501,1.5,4.1,0.368,5.4,9.7,0.557,0.556,4.8,5.5,0.858,3.1,8.7,11.9,3.0,0.9,0.5,2.5,3.4,20.1
2026,NBA,Nolan Traoré,traorno01,19.0,BRK,PG,56,31.0,22.2,3.3,8.6,0.38,1.1,3.4,0.318,2.2,5.1,0.422,0.444,1.3,1.7,0.787,0.3,1.5,1.8,3.8,0.8,0.4,2.3,2.1,8.9
2026,NBA,Luke Travers,travelu01,24.0,CLE,SG,12,0.0,8.6,0.8,3.0,0.25,0.1,1.3,0.063,0.7,1.7,0.4,0.264,0.8,0.8,1.0,0.8,1.3,2.0,0.8,0.6,0.3,0.3,0.5,2.3
2026,NBA,Gary Trent Jr.,trentga02,27.0,MIL,SG,65,21.0,21.2,2.8,7.3,0.387,1.9,5.3,0.36,0.9,2.0,0.458,0.517,0.6,0.8,0.769,0.1,0.9,1.0,1.2,0.5,0.0,0.6,1.3,8.1
2026,NBA,Oscar Tshiebwe,tshieos01,26.0,UTA,C,27,6.0,16.6,3.4,5.4,0.634,0.0,0.0,,3.4,5.4,0.634,0.634,1.0,1.8,0.551,2.9,3.8,6.6,1.2,0.6,0.2,0.8,1.4,7.8
2026,NBA,Myles Turner,turnemy01,29.0,MIL,C,71,71.0,26.9,4.0,9.1,0.44,2.1,5.4,0.383,1.9,3.7,0.523,0.553,1.8,2.5,0.74,1.1,4.3,5.3,1.5,0.7,1.6,1.2,2.6,11.9
2026,NBA,Hunter Tyson,tysonhu01,25.0,DEN,PF,21,2.0,7.7,0.7,2.5,0.269,0.3,1.6,0.212,0.3,0.9,0.368,0.337,0.5,0.6,0.846,0.2,1.5,1.7,0.8,0.1,0.0,0.2,0.6,2.2
2026,NBA,Jaylon Tyson,tysonja01,23.0,CLE,SG,66,42.0,26.9,5.0,10.2,0.493,2.0,4.5,0.446,3.0,5.6,0.53,0.592,1.2,1.6,0.738,1.8,3.3,5.1,2.2,0.8,0.4,1.5,2.5,13.2
2026,NBA,Stanley Umude,umudest01,26.0,SAS,SG,2,0.0,3.5,0.5,1.0,0.5,0.0,0.5,0.0,0.5,0.5,1.0,0.5,0.0,0.0,,0.0,0.0,0.0,0.5,0.5,0.0,0.0,1.0,1.0
2026,NBA,Jonas Valančiūnas,valanjo01,33.0,DEN,C,65,6.0,13.4,3.5,6.0,0.582,0.1,0.4,0.308,3.4,5.6,0.602,0.592,1.6,2.1,0.772,1.6,3.4,5.1,1.2,0.2,0.6,1.1,2.0,8.7
2026,NBA,Jarred Vanderbilt,vandeja01,26.0,LAL,PF,65,3.0,17.4,1.7,3.7,0.471,0.4,1.5,0.293,1.3,2.2,0.596,0.531,0.5,0.9,0.589,1.2,3.3,4.5,1.3,0.8,0.3,0.9,1.6,4.4
2026,NBA,Devin Vassell,vassede01,25.0,SAS,SG,67,65.0,30.5,4.9,11.3,0.437,2.5,6.4,0.384,2.4,4.8,0.508,0.547,1.6,1.9,0.815,0.6,3.4,4.0,2.5,0.9,0.4,0.9,1.6,13.9
2026,NBA,Gabe Vincent,vincega01,29.0,2TM,PG,53,7.0,16.6,1.4,4.1,0.352,1.1,3.3,0.341,0.3,0.8,0.395,0.488,0.4,0.4,0.87,0.3,0.7,1.0,1.4,0.5,0.1,0.5,1.5,4.4
2026,NBA,Gabe Vincent,vincega01,29.0,LAL,PG,29,7.0,19.3,1.6,4.5,0.346,1.3,3.6,0.369,0.2,0.9,0.259,0.492,0.3,0.4,0.909,0.2,0.7,0.9,1.3,0.5,0.0,0.4,1.8,4.8
2026,NBA,Gabe Vincent,vincega01,29.0,ATL,PG,24,0.0,13.3,1.3,3.6,0.36,0.9,2.9,0.3,0.4,0.7,0.625,0.483,0.4,0.5,0.833,0.4,0.7,1.1,1.6,0.5,0.1,0.6,1.1,3.9
2026,NBA,Nikola Vučević,vucevni01,35.0,2TM,C,64,49.0,28.4,6.2,12.5,0.493,1.6,4.2,0.369,4.6,8.3,0.557,0.556,1.2,1.5,0.828,2.0,6.4,8.4,3.3,0.6,0.6,1.3,2.0,15.1
2026,NBA,Nikola Vučević,vucevni01,35.0,CHI,C,48,48.0,30.8,6.9,13.8,0.505,1.7,4.5,0.376,5.2,9.2,0.568,0.567,1.3,1.5,0.838,2.1,6.9,9.0,3.8,0.7,0.6,1.4,2.0,16.9
2026,NBA,Nikola Vučević,vucevni01,35.0,BOS,C,16,1.0,21.1,3.8,8.7,0.439,1.1,3.3,0.34,2.7,5.4,0.5,0.504,0.9,1.2,0.789,1.6,5.1,6.6,2.0,0.4,0.6,1.0,1.9,9.7
2026,NBA,Tristan Vukcevic,vukcetr01,22.0,WAS,C,49,12.0,13.7,3.1,6.5,0.479,1.0,2.9,0.347,2.1,3.5,0.59,0.558,1.8,2.3,0.784,0.7,2.3,3.0,1.1,0.5,0.7,1.3,1.7,9.0
2026,NBA,Dean Wade,wadede01,29.0,CLE,PF,59,38.0,22.3,2.1,4.7,0.439,1.2,3.3,0.362,0.9,1.4,0.622,0.567,0.5,0.6,0.711,0.9,3.3,4.2,1.5,0.7,0.4,0.3,1.5,5.8
2026,NBA,Franz Wagner,wagnefr01,24.0,ORL,SF,34,32.0,30.0,7.2,14.9,0.481,1.4,4.1,0.345,5.8,10.8,0.533,0.529,4.8,5.8,0.823,1.3,3.9,5.2,3.3,0.9,0.3,1.7,2.1,20.6
2026,NBA,Moritz Wagner,wagnemo01,28.0,ORL,C,36,0.0,11.9,2.3,5.4,0.426,0.6,1.9,0.314,1.7,3.5,0.488,0.482,1.6,2.0,0.819,0.8,2.4,3.2,0.8,0.4,0.1,0.5,1.6,6.9
2026,NBA,Jabari Walker,walkeja01,23.0,PHI,PF,64,6.0,11.9,1.5,3.3,0.455,0.5,1.5,0.337,1.0,1.8,0.551,0.531,0.8,1.1,0.735,1.1,1.9,3.0,0.5,0.4,0.2,0.4,1.6,4.3
2026,NBA,Jarace Walker,walkeja02,22.0,IND,PF,76,41.0,25.7,4.0,9.6,0.419,1.8,4.7,0.374,2.3,5.0,0.462,0.51,1.8,2.4,0.749,0.6,4.5,5.1,2.5,0.8,0.3,1.8,1.6,11.6
2026,NBA,Cason Wallace,wallaca01,22.0,OKC,SG,77,58.0,26.6,3.3,7.6,0.432,1.3,3.7,0.351,2.0,3.8,0.51,0.518,0.7,0.9,0.809,0.8,2.3,3.1,2.6,1.9,0.4,0.9,2.0,8.6
2026,NBA,Keaton Wallace,wallake01,26.0,ATL,PG,53,3.0,10.1,1.3,3.2,0.398,0.7,1.9,0.373,0.6,1.3,0.435,0.509,0.2,0.3,0.667,0.1,1.0,1.1,1.8,0.5,0.1,0.5,0.9,3.5
2026,NBA,Jordan Walsh,walshjo01,21.0,BOS,PF,68,25.0,17.8,2.0,3.9,0.509,0.7,1.8,0.384,1.3,2.1,0.62,0.599,0.6,0.8,0.772,1.3,2.8,4.0,0.8,0.7,0.5,0.5,2.0,5.4
2026,NBA,Ja'Kobe Walter,walteja01,21.0,TOR,SG,72,19.0,20.5,2.5,5.6,0.446,1.5,3.7,0.409,1.0,1.9,0.519,0.582,1.0,1.3,0.789,0.8,1.8,2.6,1.2,1.0,0.2,0.5,2.3,7.5
2026,NBA,Kel'el Ware,wareke01,21.0,MIA,C,77,34.0,22.1,4.5,8.4,0.53,1.2,3.0,0.395,3.3,5.4,0.606,0.601,0.9,1.2,0.74,2.8,6.2,9.0,0.7,0.8,1.1,0.8,1.5,11.1
2026,NBA,P.J. Washington,washipj01,27.0,DAL,PF,56,53.0,31.0,5.3,11.8,0.45,1.4,4.2,0.325,3.9,7.6,0.519,0.508,2.2,3.3,0.687,1.5,5.5,7.0,1.8,1.0,1.1,1.7,2.1,14.2
2026,NBA,TyTy Washington Jr.,washity02,24.0,LAC,PG,16,0.0,5.5,0.6,1.2,0.474,0.2,0.5,0.375,0.4,0.7,0.545,0.553,0.0,0.0,,0.1,0.3,0.4,1.1,0.4,0.2,0.2,0.4,1.3
2026,NBA,Lindy Waters III,waterli01,28.0,SAS,SG,40,0.0,7.1,0.8,2.2,0.375,0.7,2.0,0.342,0.2,0.2,0.667,0.528,0.1,0.1,0.667,0.1,0.7,0.7,0.5,0.2,0.0,0.2,0.6,2.4
2026,NBA,Trendon Watford,watfotr01,25.0,PHI,PF,53,7.0,16.3,2.6,5.1,0.515,0.2,0.9,0.2,2.4,4.1,0.587,0.534,1.1,1.5,0.779,0.7,2.6,3.3,2.5,0.3,0.4,1.2,2.0,6.5
2026,NBA,Jamir Watkins,watkija01,24.0,WAS,SG,50,7.0,20.6,2.6,5.9,0.446,0.9,3.2,0.297,1.7,2.8,0.616,0.525,1.1,1.6,0.695,1.0,2.9,3.9,1.3,1.1,0.5,0.8,2.6,7.4
2026,NBA,Peyton Watson,watsope01,23.0,DEN,SF,54,40.0,29.6,5.3,10.8,0.491,1.5,3.6,0.411,3.8,7.1,0.531,0.56,2.6,3.5,0.73,0.9,4.0,4.9,2.1,0.9,1.1,1.7,2.5,14.6
2026,NBA,Jaylen Wells,wellsja01,22.0,MEM,SG,69,69.0,26.4,4.4,10.1,0.431,1.9,5.3,0.353,2.5,4.8,0.517,0.524,1.9,2.5,0.784,0.9,2.3,3.2,1.6,0.9,0.1,1.1,2.1,12.5
2026,NBA,Victor Wembanyama,wembavi01,22.0,SAS,C,64,55.0,29.2,8.6,16.9,0.512,1.9,5.5,0.349,6.7,11.4,0.59,0.569,5.8,7.0,0.827,2.0,9.5,11.5,3.1,1.0,3.1,2.4,2.4,25.0
2026,NBA,Blake Wesley,weslebl01,22.0,POR,SG,31,0.0,11.6,1.8,4.0,0.452,0.3,1.2,0.278,1.5,2.8,0.523,0.492,0.8,1.5,0.553,0.3,1.0,1.3,2.0,0.5,0.2,1.0,1.1,4.8
2026,NBA,Russell Westbrook,westbru01,37.0,SAC,SF,64,58.0,29.0,5.6,13.1,0.427,2.0,5.9,0.338,3.6,7.2,0.5,0.503,2.0,2.9,0.694,1.3,4.2,5.4,6.7,1.3,0.2,3.3,2.3,15.2
2026,NBA,Coby White,whiteco01,25.0,2TM,SG,50,26.0,25.0,5.6,12.5,0.446,2.3,6.4,0.362,3.3,6.1,0.534,0.539,3.9,4.8,0.817,0.3,3.1,3.4,4.0,0.5,0.1,2.6,2.2,17.4
2026,NBA,Coby White,whiteco01,25.0,CHI,SG,29,26.0,29.1,5.9,13.6,0.438,2.5,7.2,0.346,3.4,6.4,0.541,0.529,4.3,5.3,0.805,0.2,3.5,3.7,4.7,0.7,0.1,3.0,2.4,18.6
2026,NBA,Coby White,whiteco01,25.0,CHO,SG,21,0.0,19.3,5.0,11.0,0.461,2.0,5.2,0.391,3.0,5.7,0.525,0.554,3.5,4.1,0.839,0.5,2.5,3.0,3.0,0.2,0.1,1.9,1.9,15.6
2026,NBA,Dariq Whitehead,whiteda01,21.0,MEM,SF,6,2.0,30.5,6.2,15.5,0.398,3.2,10.0,0.317,3.0,5.5,0.545,0.5,0.8,1.2,0.714,0.3,3.7,4.0,1.5,0.7,0.0,1.7,2.2,16.3
2026,NBA,Derrick White,whitede01,31.0,BOS,SG,77,77.0,34.1,5.7,14.4,0.394,2.7,8.3,0.327,3.0,6.1,0.487,0.489,2.4,2.6,0.902,1.1,3.3,4.4,5.4,1.1,1.3,1.7,1.5,16.5
2026,NBA,Cam Whitmore,whitmca01,21.0,WAS,SF,21,0.0,16.9,3.7,8.0,0.456,0.8,2.7,0.286,2.9,5.4,0.54,0.503,1.1,1.5,0.742,0.9,1.9,2.8,0.7,0.7,0.4,0.9,1.2,9.2
2026,NBA,Aaron Wiggins,wiggiaa01,27.0,OKC,SG,65,21.0,21.8,3.6,8.2,0.431,1.5,4.2,0.356,2.1,4.1,0.508,0.521,0.8,1.1,0.736,0.6,2.4,3.1,1.7,0.9,0.4,1.2,1.3,9.4
2026,NBA,Andrew Wiggins,wiggian01,30.0,MIA,SF,68,68.0,30.3,5.7,12.1,0.475,2.0,4.9,0.414,3.7,7.2,0.516,0.559,1.9,2.4,0.784,1.7,3.1,4.8,2.7,1.1,1.0,1.5,2.3,15.4
2026,NBA,Alondes Williams,willial06,26.0,WAS,SG,4,0.0,25.3,4.0,6.5,0.615,1.3,3.5,0.357,2.8,3.0,0.917,0.712,1.8,2.0,0.875,1.3,5.0,6.3,3.0,0.8,0.8,1.3,1.0,11.0
2026,NBA,Amari Williams,william01,24.0,BOS,PF,22,2.0,6.6,0.5,0.9,0.5,0.0,0.0,,0.5,0.9,0.5,0.5,0.5,0.6,0.714,0.4,1.4,1.8,0.5,0.1,0.5,0.5,0.9,1.4
2026,NBA,Brandon Williams,willibr03,26.0,DAL,PG,66,15.0,22.2,4.4,9.3,0.472,0.5,2.3,0.232,3.9,7.0,0.552,0.501,3.7,4.6,0.793,0.5,2.4,2.9,3.9,0.9,0.3,1.9,1.6,13.0
2026,NBA,Cody Williams,willico04,21.0,UTA,SG,67,41.0,24.3,3.6,7.6,0.468,0.4,2.0,0.214,3.1,5.6,0.556,0.495,1.3,1.8,0.706,0.9,2.0,3.0,2.0,0.8,0.4,1.1,1.8,8.8
2026,NBA,Grant Williams,willigr01,27.0,CHO,PF,36,3.0,19.8,2.2,5.1,0.426,1.4,3.7,0.388,0.7,1.4,0.531,0.568,1.2,1.5,0.815,1.3,2.7,3.9,1.6,0.5,0.5,0.9,1.6,7.0
2026,NBA,Jalen Williams,willija06,24.0,OKC,SG,33,33.0,28.4,6.5,13.5,0.484,0.7,2.3,0.299,5.8,11.2,0.523,0.51,3.3,3.9,0.837,0.8,3.8,4.6,5.5,1.2,0.3,1.9,2.0,17.1
2026,NBA,Jaylin Williams,willija07,23.0,OKC,PF,65,11.0,19.6,2.3,5.4,0.423,1.5,3.9,0.383,0.8,1.5,0.531,0.563,1.1,1.4,0.793,0.5,5.0,5.5,2.4,0.5,0.6,1.0,2.0,7.2
2026,NBA,Nate Williams,willije02,26.0,GSW,SG,14,2.0,17.1,3.1,6.3,0.489,0.9,2.1,0.433,2.1,4.1,0.517,0.563,0.9,1.1,0.867,1.4,0.7,2.1,1.0,0.4,0.0,1.1,1.9,8.0
2026,NBA,Kenrich Williams,willike04,31.0,OKC,PF,56,2.0,15.3,2.5,5.3,0.473,0.9,2.3,0.388,1.6,3.0,0.539,0.557,0.6,0.9,0.635,1.1,2.3,3.3,1.4,0.6,0.1,0.8,1.1,6.5
2026,NBA,Lucas Williamson,willilu01,27.0,MEM,SG,7,2.0,32.0,3.6,10.7,0.333,2.1,7.6,0.283,1.4,3.1,0.455,0.433,1.1,1.1,1.0,1.6,3.9,5.4,2.6,1.6,0.1,1.4,3.7,10.4
2026,NBA,Mark Williams,willima07,24.0,PHO,C,60,55.0,23.6,4.7,7.3,0.644,0.0,0.0,1.0,4.7,7.3,0.643,0.645,2.3,2.9,0.771,3.1,4.9,8.0,1.0,0.9,0.9,1.1,2.2,11.7
2026,NBA,Patrick Williams,willipa01,24.0,CHI,PF,72,6.0,20.5,2.5,6.6,0.372,1.3,3.8,0.347,1.2,2.8,0.407,0.472,0.8,1.0,0.72,0.7,2.3,3.0,1.5,0.7,0.4,1.0,1.3,7.0
2026,NBA,Robert Williams,williro04,28.0,POR,C,59,1.0,17.1,3.0,4.2,0.708,0.2,0.4,0.391,2.8,3.8,0.74,0.726,0.6,1.0,0.596,2.4,4.6,7.0,1.0,0.6,1.5,0.8,1.3,6.7
2026,NBA,Vince Williams Jr.,willivi01,25.0,2TM,SG,40,12.0,20.5,2.6,7.3,0.353,1.4,4.4,0.311,1.2,2.9,0.417,0.447,1.0,1.3,0.78,1.0,2.9,3.9,4.2,0.7,0.4,1.8,2.0,7.5
2026,NBA,Vince Williams Jr.,willivi01,25.0,MEM,PG,34,12.0,21.6,2.7,7.8,0.352,1.4,4.7,0.308,1.3,3.1,0.419,0.445,1.1,1.4,0.804,1.0,3.0,4.0,4.4,0.8,0.4,1.9,2.1,8.0
2026,NBA,Vince Williams Jr.,willivi01,25.0,UTA,SG,6,0.0,14.0,1.7,4.7,0.357,1.0,3.0,0.333,0.7,1.7,0.4,0.464,0.3,0.7,0.5,0.8,2.3,3.2,2.7,0.3,0.3,1.2,1.5,4.7
2026,NBA,Zion Williamson,willizi01,25.0,NOP,PF,62,55.0,29.7,7.8,13.0,0.6,0.0,0.1,0.25,7.8,13.0,0.601,0.6,5.4,7.5,0.716,2.0,3.7,5.7,3.2,1.0,0.5,2.0,2.3,21.0
2026,NBA,Ziaire Williams,willizi02,24.0,BRK,SF,56,13.0,22.9,3.3,7.7,0.425,1.5,4.5,0.343,1.8,3.3,0.538,0.524,2.1,2.5,0.85,0.5,1.9,2.4,1.1,1.4,0.4,1.1,2.1,10.2
2026,NBA,Jalen Wilson,wilsoja03,25.0,BRK,PF,54,2.0,15.9,2.0,5.1,0.396,1.0,2.8,0.355,1.0,2.3,0.444,0.493,1.3,1.8,0.719,0.3,1.8,2.1,0.9,0.4,0.0,0.7,1.6,6.4
2026,NBA,James Wiseman,wisemja01,24.0,IND,C,4,1.0,14.5,1.5,2.5,0.6,0.0,0.0,,1.5,2.5,0.6,0.6,0.3,0.5,0.5,1.3,0.8,2.0,0.8,0.0,0.3,1.3,2.5,3.3
2026,NBA,Danny Wolf,wolfda01,21.0,BRK,PF,57,15.0,20.8,3.1,7.7,0.405,1.2,3.7,0.322,1.9,4.0,0.48,0.482,1.5,1.9,0.771,1.0,3.9,4.9,2.2,0.5,0.6,1.3,2.2,8.9
2026,NBA,Guerschon Yabusele,yabusgu01,30.0,2TM,C,67,19.0,15.0,1.9,4.7,0.401,1.0,2.9,0.352,0.8,1.7,0.483,0.511,0.8,1.1,0.75,0.8,2.7,3.5,0.9,0.4,0.2,0.6,1.2,5.6
2026,NBA,Guerschon Yabusele,yabusgu01,30.0,NYK,C,41,0.0,8.9,1.0,2.6,0.393,0.5,1.7,0.294,0.5,1.0,0.564,0.486,0.2,0.3,0.667,0.6,1.5,2.1,0.4,0.1,0.1,0.4,0.9,2.7
2026,NBA,Guerschon Yabusele,yabusgu01,30.0,CHI,C,26,19.0,24.7,3.2,7.9,0.405,1.9,4.9,0.383,1.3,3.0,0.442,0.524,1.8,2.3,0.767,1.2,4.4,5.7,1.7,0.8,0.4,1.0,1.7,10.0
2026,NBA,Yang Hansen,yangha01,20.0,POR,C,43,1.0,7.0,0.7,2.3,0.31,0.1,1.0,0.119,0.6,1.3,0.448,0.335,0.7,0.8,0.824,0.5,1.1,1.5,0.5,0.1,0.2,0.7,1.0,2.2
2026,NBA,Chris Youngblood,youngch01,23.0,2TM,SG,34,0.0,5.4,0.6,1.9,0.349,0.5,1.6,0.333,0.1,0.3,0.444,0.492,0.3,0.3,0.9,0.2,0.6,0.8,0.4,0.1,0.1,0.1,0.6,2.1
2026,NBA,Chris Youngblood,youngch01,23.0,OKC,SG,32,0.0,5.4,0.6,1.9,0.333,0.5,1.6,0.314,0.1,0.3,0.444,0.467,0.3,0.3,0.9,0.2,0.7,0.9,0.3,0.1,0.1,0.1,0.6,2.0
2026,NBA,Chris Youngblood,youngch01,23.0,POR,SG,2,0.0,5.5,1.0,1.5,0.667,1.0,1.5,0.667,0.0,0.0,,1.0,0.0,0.0,,0.0,0.0,0.0,0.5,0.0,0.0,0.0,1.0,3.0
2026,NBA,Jahmir Young,youngja05,25.0,MIA,PG,14,0.0,4.1,0.7,1.8,0.4,0.2,0.6,0.333,0.5,1.1,0.438,0.46,0.1,0.1,1.0,0.1,0.1,0.3,0.6,0.1,0.0,0.2,0.5,1.8
2026,NBA,Trae Young,youngtr01,27.0,2TM,PG,15,15.0,25.6,5.4,11.8,0.458,1.8,5.3,0.338,3.6,6.5,0.557,0.534,5.3,6.5,0.825,0.3,1.7,2.0,8.0,0.9,0.1,2.6,2.2,17.9
2026,NBA,Trae Young,youngtr01,27.0,ATL,PG,10,10.0,28.0,5.6,13.5,0.415,1.8,5.9,0.305,3.8,7.6,0.5,0.481,6.3,7.3,0.863,0.0,1.5,1.5,8.9,1.0,0.1,2.6,2.0,19.3
2026,NBA,Trae Young,youngtr01,27.0,WAS,PG,5,5.0,20.8,5.0,8.4,0.595,1.8,4.2,0.429,3.2,4.2,0.762,0.702,3.4,4.8,0.708,0.8,2.2,3.0,6.2,0.6,0.2,2.6,2.6,15.2
2026,NBA,Omer Yurtseven,yurtsom01,27.0,GSW,C,9,0.0,11.6,1.2,2.9,0.423,0.0,0.4,0.0,1.2,2.4,0.5,0.423,1.3,2.0,0.667,1.4,1.9,3.3,0.9,0.2,0.1,1.0,1.7,3.8
2026,NBA,Rocco Zikarsky,zikarro01,19.0,MIN,C,5,0.0,7.2,1.0,1.6,0.625,0.0,0.0,,1.0,1.6,0.625,0.625,0.8,0.8,1.0,0.4,2.4,2.8,0.4,0.0,1.0,0.2,0.6,2.8
2026,NBA,Ivica Zubac,zubaciv01,28.0,2TM,C,48,47.0,30.1,6.0,10.0,0.598,0.0,0.0,,6.0,10.0,0.598,0.598,2.1,3.0,0.711,3.4,7.2,10.6,2.2,0.4,0.8,1.8,2.3,14.1
2026,NBA,Ivica Zubac,zubaciv01,28.0,LAC,C,43,42.0,30.9,6.1,10.0,0.613,0.0,0.0,,6.1,10.0,0.613,0.613,2.2,3.1,0.705,3.4,7.6,11.0,2.2,0.4,0.8,1.9,2.4,14.4
2026,NBA,Ivica Zubac,zubaciv01,28.0,IND,C,5,5.0,23.6,5.0,10.6,0.472,0.0,0.0,,5.0,10.6,0.472,0.472,1.6,2.0,0.8,2.8,4.4,7.2,1.8,0.4,0.8,0.8,1.6,11.6
