Match Number,Round Number,Date,Location,Home Team,Away Team,Result
1,1,16/10/2018 20:00,TD Garden,Boston Celtics,Philadelphia 76ers,105 - 87
2,1,16/10/2018 22:30,ORACLE Arena,Golden State Warriors,Oklahoma City Thunder,108 - 100
3,1,17/10/2018 19:00,Spectrum Center,Charlotte Hornets,Milwaukee Bucks,112 - 113
4,1,17/10/2018 19:00,Little Caesars Arena,Detroit Pistons,Brooklyn Nets,103 - 100
5,1,17/10/2018 19:00,Bankers Life Fieldhouse,Indiana Pacers,Memphis Grizzlies,111 - 83
6,1,17/10/2018 19:00,Amway Center,Orlando Magic,Miami Heat,104 - 101
7,1,17/10/2018 19:30,Madison Square Garden,New York Knicks,Atlanta Hawks,126 - 107
8,1,17/10/2018 19:30,Scotiabank Arena,Toronto Raptors,Cleveland Cavaliers,116 - 104
9,1,17/10/2018 20:00,Toyota Center,Houston Rockets,New Orleans Pelicans,112 - 131
10,1,17/10/2018 20:30,AT+ACY-T Center,San Antonio Spurs,Minnesota Timberwolves,112 - 108
11,1,17/10/2018 22:00,Golden 1 Center,Sacramento Kings,Utah Jazz,117 - 123
12,1,17/10/2018 22:30,Staples Center,LA Clippers,Denver Nuggets,98 - 107
13,1,17/10/2018 22:30,Talking Stick Resort Arena,Phoenix Suns,Dallas Mavericks,121 - 100
14,1,18/10/2018 20:00,Wells Fargo Center,Philadelphia 76ers,Chicago Bulls,127 - 108
15,1,18/10/2018 20:00,Capital One Arena,Washington Wizards,Miami Heat,112 - 113
16,1,18/10/2018 22:30,Moda Center,Portland Trail Blazers,Los Angeles Lakers,128 - 119
17,1,19/10/2018 19:00,Amway Center,Orlando Magic,Charlotte Hornets,88 - 120
18,1,19/10/2018 19:30,Barclays Center,Brooklyn Nets,New York Knicks,107 - 105
19,1,19/10/2018 20:00,Scotiabank Arena,Toronto Raptors,Boston Celtics,113 - 101
20,1,19/10/2018 20:00,FedExForum,Memphis Grizzlies,Atlanta Hawks,131 - 117
21,1,19/10/2018 20:00,Target Center,Minnesota Timberwolves,Cleveland Cavaliers,131 - 123
22,1,19/10/2018 20:00,Smoothie King Center,New Orleans Pelicans,Sacramento Kings,149 - 129
23,1,19/10/2018 20:30,Fiserv Forum,Milwaukee Bucks,Indiana Pacers,118 - 101
24,1,19/10/2018 22:30,Vivint Smart Home Arena,Utah Jazz,Golden State Warriors,123 - 124
25,1,19/10/2018 22:30,Staples Center,LA Clippers,Oklahoma City Thunder,108 - 92
26,1,20/10/2018 19:00,Bankers Life Fieldhouse,Indiana Pacers,Brooklyn Nets,132 - 112
27,1,20/10/2018 19:00,Capital One Arena,Washington Wizards,Toronto Raptors,113 - 117
28,1,20/10/2018 19:30,Madison Square Garden,New York Knicks,Boston Celtics,101 - 103
29,1,20/10/2018 19:30,Wells Fargo Center,Philadelphia 76ers,Orlando Magic,116 - 115
30,1,20/10/2018 20:00,AmericanAirlines Arena,Miami Heat,Charlotte Hornets,112 - 113
31,1,20/10/2018 20:00,United Center,Chicago Bulls,Detroit Pistons,116 - 118
32,1,20/10/2018 20:30,American Airlines Center,Dallas Mavericks,Minnesota Timberwolves,140 - 136
33,1,20/10/2018 21:00,Pepsi Center,Denver Nuggets,Phoenix Suns,119 - 91
34,1,20/10/2018 22:00,Moda Center,Portland Trail Blazers,San Antonio Spurs,121 - 108
35,1,20/10/2018 22:30,Staples Center,Los Angeles Lakers,Houston Rockets,115 - 124
36,1,21/10/2018 18:00,Quicken Loans Arena,Cleveland Cavaliers,Atlanta Hawks,111 - 133
37,1,21/10/2018 19:00,Chesapeake Energy Arena,Oklahoma City Thunder,Sacramento Kings,120 - 131
38,1,21/10/2018 20:00,Pepsi Center,Denver Nuggets,Golden State Warriors,100 - 98
39,1,21/10/2018 21:00,Staples Center,LA Clippers,Houston Rockets,115 - 112
40,1,22/10/2018 19:30,TD Garden,Boston Celtics,Orlando Magic,90 - 93
41,1,22/10/2018 19:30,Scotiabank Arena,Toronto Raptors,Charlotte Hornets,127 - 106
42,1,22/10/2018 20:00,Fiserv Forum,Milwaukee Bucks,New York Knicks,124 - 113
43,1,22/10/2018 20:00,Target Center,Minnesota Timberwolves,Indiana Pacers,101 - 91
44,1,22/10/2018 20:30,American Airlines Center,Dallas Mavericks,Chicago Bulls,115 - 109
45,1,22/10/2018 21:00,Vivint Smart Home Arena,Utah Jazz,Memphis Grizzlies,84 - 92
46,1,22/10/2018 22:00,Moda Center,Portland Trail Blazers,Washington Wizards,124 - 125
47,1,22/10/2018 22:30,ORACLE Arena,Golden State Warriors,Phoenix Suns,123 - 103
48,1,22/10/2018 22:30,Staples Center,Los Angeles Lakers,San Antonio Spurs,142 - 143
49,1,23/10/2018 19:00,Little Caesars Arena,Detroit Pistons,Philadelphia 76ers,133 - 132
50,1,23/10/2018 20:00,Smoothie King Center,New Orleans Pelicans,LA Clippers,116 - 109
51,1,23/10/2018 21:00,Pepsi Center,Denver Nuggets,Sacramento Kings,126 - 112
52,1,24/10/2018 19:00,State Farm Arena,Atlanta Hawks,Dallas Mavericks,111 - 104
53,1,24/10/2018 19:00,Quicken Loans Arena,Cleveland Cavaliers,Brooklyn Nets,86 - 102
54,1,24/10/2018 19:30,AmericanAirlines Arena,Miami Heat,New York Knicks,110 - 87
55,1,24/10/2018 19:30,Scotiabank Arena,Toronto Raptors,Minnesota Timberwolves,112 - 105
56,1,24/10/2018 20:00,United Center,Chicago Bulls,Charlotte Hornets,112 - 110
57,1,24/10/2018 20:00,Toyota Center,Houston Rockets,Utah Jazz,89 - 100
58,1,24/10/2018 20:30,AT+ACY-T Center,San Antonio Spurs,Indiana Pacers,96 - 116
59,1,24/10/2018 21:30,Fiserv Forum,Milwaukee Bucks,Philadelphia 76ers,123 - 108
60,1,24/10/2018 22:00,Talking Stick Resort Arena,Phoenix Suns,Los Angeles Lakers,113 - 131
61,1,24/10/2018 22:00,Golden 1 Center,Sacramento Kings,Memphis Grizzlies,97 - 92
62,1,24/10/2018 22:30,ORACLE Arena,Golden State Warriors,Washington Wizards,144 - 122
63,1,25/10/2018 19:00,Little Caesars Arena,Detroit Pistons,Cleveland Cavaliers,110 - 103
64,1,25/10/2018 19:00,Amway Center,Orlando Magic,Portland Trail Blazers,114 - 128
65,2,25/10/2018 20:00,Chesapeake Energy Arena,Oklahoma City Thunder,Boston Celtics,95 - 101
66,2,25/10/2018 22:30,Staples Center,Los Angeles Lakers,Denver Nuggets,121 - 114
67,2,26/10/2018 19:00,Spectrum Center,Charlotte Hornets,Chicago Bulls,135 - 106
68,2,26/10/2018 19:30,Madison Square Garden,New York Knicks,Golden State Warriors,100 - 128
69,2,26/10/2018 19:30,Scotiabank Arena,Toronto Raptors,Dallas Mavericks,116 - 107
70,2,26/10/2018 20:00,Toyota Center,Houston Rockets,LA Clippers,113 - 133
71,2,26/10/2018 20:00,Target Center,Minnesota Timberwolves,Milwaukee Bucks,95 - 125
72,2,26/10/2018 20:00,Smoothie King Center,New Orleans Pelicans,Brooklyn Nets,117 - 115
73,2,26/10/2018 22:00,Golden 1 Center,Sacramento Kings,Washington Wizards,116 - 112
74,2,27/10/2018 19:00,Little Caesars Arena,Detroit Pistons,Boston Celtics,89 - 109
75,2,27/10/2018 19:00,Smoothie King Center,New Orleans Pelicans,Utah Jazz,111 - 132
76,2,27/10/2018 19:30,State Farm Arena,Atlanta Hawks,Chicago Bulls,85 - 97
77,2,27/10/2018 19:30,Quicken Loans Arena,Cleveland Cavaliers,Indiana Pacers,107 - 119
78,2,27/10/2018 19:30,Wells Fargo Center,Philadelphia 76ers,Charlotte Hornets,105 - 103
79,2,27/10/2018 20:00,AmericanAirlines Arena,Miami Heat,Portland Trail Blazers,120 - 111
80,2,27/10/2018 20:00,FedExForum,Memphis Grizzlies,Phoenix Suns,117 - 96
81,2,27/10/2018 20:30,Fiserv Forum,Milwaukee Bucks,Orlando Magic,113 - 91
82,2,27/10/2018 20:30,AT+ACY-T Center,San Antonio Spurs,Los Angeles Lakers,110 - 106
83,2,28/10/2018 17:00,Barclays Center,Brooklyn Nets,Golden State Warriors,114 - 120
84,2,28/10/2018 19:00,American Airlines Center,Dallas Mavericks,Utah Jazz,104 - 113
85,2,28/10/2018 19:00,Chesapeake Energy Arena,Oklahoma City Thunder,Phoenix Suns,117 - 110
86,2,28/10/2018 21:30,Staples Center,LA Clippers,Washington Wizards,136 - 104
87,2,29/10/2018 19:00,Bankers Life Fieldhouse,Indiana Pacers,Portland Trail Blazers,93 - 103
88,2,29/10/2018 19:00,Wells Fargo Center,Philadelphia 76ers,Atlanta Hawks,113 - 92
89,2,29/10/2018 19:30,AmericanAirlines Arena,Miami Heat,Sacramento Kings,113 - 123
90,2,29/10/2018 19:30,Madison Square Garden,New York Knicks,Brooklyn Nets,115 - 96
91,2,29/10/2018 20:00,United Center,Chicago Bulls,Golden State Warriors,124 - 149
92,2,29/10/2018 20:00,Fiserv Forum,Milwaukee Bucks,Toronto Raptors,124 - 109
93,2,29/10/2018 20:00,Target Center,Minnesota Timberwolves,Los Angeles Lakers,124 - 120
94,2,29/10/2018 20:30,AT+ACY-T Center,San Antonio Spurs,Dallas Mavericks,113 - 108
95,2,29/10/2018 21:00,Pepsi Center,Denver Nuggets,New Orleans Pelicans,116 - 111
96,2,30/10/2018 19:00,Spectrum Center,Charlotte Hornets,Miami Heat,125 - 113
97,2,30/10/2018 19:00,Quicken Loans Arena,Cleveland Cavaliers,Atlanta Hawks,136 - 114
98,2,30/10/2018 19:00,Amway Center,Orlando Magic,Sacramento Kings,99 - 107
99,2,30/10/2018 19:30,TD Garden,Boston Celtics,Detroit Pistons,108 - 105
100,2,30/10/2018 19:30,Scotiabank Arena,Toronto Raptors,Philadelphia 76ers,129 - 112
101,2,30/10/2018 20:00,Toyota Center,Houston Rockets,Portland Trail Blazers,85 - 104
102,2,30/10/2018 20:00,FedExForum,Memphis Grizzlies,Washington Wizards,107 - 95
103,2,30/10/2018 20:00,Chesapeake Energy Arena,Oklahoma City Thunder,LA Clippers,128 - 110
104,2,31/10/2018 19:30,Barclays Center,Brooklyn Nets,Detroit Pistons,120 - 119
105,2,31/10/2018 20:00,Madison Square Garden,New York Knicks,Indiana Pacers,101 - 107
106,2,31/10/2018 20:00,United Center,Chicago Bulls,Denver Nuggets,107 - 108
107,2,31/10/2018 20:00,Target Center,Minnesota Timberwolves,Utah Jazz,128 - 125
108,2,31/10/2018 22:30,ORACLE Arena,Golden State Warriors,New Orleans Pelicans,131 - 121
109,2,31/10/2018 22:30,Staples Center,Los Angeles Lakers,Dallas Mavericks,114 - 113
110,2,31/10/2018 22:30,Talking Stick Resort Arena,Phoenix Suns,San Antonio Spurs,90 - 120
111,2,01/11/2018 19:00,Spectrum Center,Charlotte Hornets,Oklahoma City Thunder,107 - 111
112,2,01/11/2018 19:00,Quicken Loans Arena,Cleveland Cavaliers,Denver Nuggets,91 - 110
113,2,01/11/2018 19:00,Wells Fargo Center,Philadelphia 76ers,LA Clippers,122 - 113
114,2,01/11/2018 19:30,State Farm Arena,Atlanta Hawks,Sacramento Kings,115 - 146
115,3,01/11/2018 20:00,TD Garden,Boston Celtics,Milwaukee Bucks,117 - 113
116,3,01/11/2018 22:30,Moda Center,Portland Trail Blazers,New Orleans Pelicans,132 - 119
117,3,02/11/2018 19:00,Amway Center,Orlando Magic,LA Clippers,95 - 120
118,3,02/11/2018 19:30,Barclays Center,Brooklyn Nets,Houston Rockets,111 - 119
119,3,02/11/2018 20:00,Capital One Arena,Washington Wizards,Oklahoma City Thunder,111 - 134
120,3,02/11/2018 20:00,United Center,Chicago Bulls,Indiana Pacers,105 - 107
121,3,02/11/2018 20:30,American Airlines Center,Dallas Mavericks,New York Knicks,106 - 118
122,3,02/11/2018 21:00,Vivint Smart Home Arena,Utah Jazz,Memphis Grizzlies,100 - 110
123,3,02/11/2018 22:00,Talking Stick Resort Arena,Phoenix Suns,Toronto Raptors,98 - 107
124,3,02/11/2018 22:30,ORACLE Arena,Golden State Warriors,Minnesota Timberwolves,116 - 99
125,3,03/11/2018 13:00,Wells Fargo Center,Philadelphia 76ers,Detroit Pistons,109 - 99
126,3,03/11/2018 19:00,Spectrum Center,Charlotte Hornets,Cleveland Cavaliers,126 - 94
127,3,03/11/2018 19:00,Bankers Life Fieldhouse,Indiana Pacers,Boston Celtics,102 - 101
128,3,03/11/2018 19:30,State Farm Arena,Atlanta Hawks,Miami Heat,123 - 118
129,3,03/11/2018 20:00,United Center,Chicago Bulls,Houston Rockets,88 - 96
130,3,03/11/2018 20:30,AT+ACY-T Center,San Antonio Spurs,New Orleans Pelicans,109 - 95
131,3,03/11/2018 21:00,Pepsi Center,Denver Nuggets,Utah Jazz,103 - 88
132,3,03/11/2018 22:00,Moda Center,Portland Trail Blazers,Los Angeles Lakers,110 - 114
133,3,04/11/2018 15:30,Fiserv Forum,Milwaukee Bucks,Sacramento Kings,144 - 109
134,3,04/11/2018 18:00,Barclays Center,Brooklyn Nets,Philadelphia 76ers,122 - 97
135,3,04/11/2018 18:00,Capital One Arena,Washington Wizards,New York Knicks,108 - 95
136,3,04/11/2018 19:00,AT+ACY-T Center,San Antonio Spurs,Orlando Magic,110 - 117
137,3,04/11/2018 20:00,Talking Stick Resort Arena,Phoenix Suns,Memphis Grizzlies,102 - 100
138,3,04/11/2018 21:00,Moda Center,Portland Trail Blazers,Minnesota Timberwolves,111 - 81
139,3,04/11/2018 21:30,Staples Center,Los Angeles Lakers,Toronto Raptors,107 - 121
140,3,05/11/2018 19:00,Little Caesars Arena,Detroit Pistons,Miami Heat,115 - 120
141,3,05/11/2018 19:00,Bankers Life Fieldhouse,Indiana Pacers,Houston Rockets,94 - 98
142,3,05/11/2018 19:00,Amway Center,Orlando Magic,Cleveland Cavaliers,102 - 100
143,3,05/11/2018 19:30,Madison Square Garden,New York Knicks,Chicago Bulls,115 - 116
144,3,05/11/2018 20:00,Chesapeake Energy Arena,Oklahoma City Thunder,New Orleans Pelicans,122 - 116
145,3,05/11/2018 21:00,Pepsi Center,Denver Nuggets,Boston Celtics,115 - 107
146,3,05/11/2018 21:00,Vivint Smart Home Arena,Utah Jazz,Toronto Raptors,111 - 124
147,3,05/11/2018 22:30,ORACLE Arena,Golden State Warriors,Memphis Grizzlies,117 - 101
148,3,05/11/2018 22:30,Staples Center,LA Clippers,Minnesota Timberwolves,120 - 109
149,3,06/11/2018 19:00,Spectrum Center,Charlotte Hornets,Atlanta Hawks,113 - 102
150,3,06/11/2018 20:30,American Airlines Center,Dallas Mavericks,Washington Wizards,119 - 100
151,3,06/11/2018 21:00,Talking Stick Resort Arena,Phoenix Suns,Brooklyn Nets,82 - 104
152,3,06/11/2018 22:00,Moda Center,Portland Trail Blazers,Milwaukee Bucks,118 - 103
153,3,07/11/2018 19:00,Quicken Loans Arena,Cleveland Cavaliers,Oklahoma City Thunder,86 - 95
154,3,07/11/2018 19:00,Amway Center,Orlando Magic,Detroit Pistons,96 - 103
155,3,07/11/2018 19:30,State Farm Arena,Atlanta Hawks,New York Knicks,107 - 112
156,3,07/11/2018 19:30,AmericanAirlines Arena,Miami Heat,San Antonio Spurs,95 - 88
157,3,07/11/2018 20:00,Bankers Life Fieldhouse,Indiana Pacers,Philadelphia 76ers,94 - 100
158,3,07/11/2018 20:00,FedExForum,Memphis Grizzlies,Denver Nuggets,89 - 87
159,3,07/11/2018 20:00,Smoothie King Center,New Orleans Pelicans,Chicago Bulls,107 - 98
160,3,07/11/2018 21:00,Vivint Smart Home Arena,Utah Jazz,Dallas Mavericks,117 - 102
161,3,07/11/2018 22:00,Golden 1 Center,Sacramento Kings,Toronto Raptors,105 - 114
162,3,07/11/2018 22:30,Staples Center,Los Angeles Lakers,Minnesota Timberwolves,114 - 110
163,4,08/11/2018 20:00,Chesapeake Energy Arena,Oklahoma City Thunder,Houston Rockets,98 - 80
164,4,08/11/2018 21:00,Talking Stick Resort Arena,Phoenix Suns,Boston Celtics,109 - 116
165,4,08/11/2018 22:00,Moda Center,Portland Trail Blazers,LA Clippers,116 - 105
166,4,08/11/2018 22:30,ORACLE Arena,Golden State Warriors,Milwaukee Bucks,111 - 134
167,4,09/11/2018 19:00,Amway Center,Orlando Magic,Washington Wizards,117 - 108
168,4,09/11/2018 19:00,Wells Fargo Center,Philadelphia 76ers,Charlotte Hornets,133 - 132
169,4,09/11/2018 19:30,State Farm Arena,Atlanta Hawks,Detroit Pistons,109 - 124
170,4,09/11/2018 20:00,AmericanAirlines Arena,Miami Heat,Indiana Pacers,102 - 110
171,4,09/11/2018 21:00,Pepsi Center,Denver Nuggets,Brooklyn Nets,110 - 112
172,4,09/11/2018 21:30,Vivint Smart Home Arena,Utah Jazz,Boston Celtics,123 - 115
173,4,09/11/2018 22:00,Golden 1 Center,Sacramento Kings,Minnesota Timberwolves,121 - 110
174,4,10/11/2018 15:00,Scotiabank Arena,Toronto Raptors,New York Knicks,128 - 112
175,4,10/11/2018 15:30,Staples Center,LA Clippers,Milwaukee Bucks,128 - 126
176,4,10/11/2018 19:00,Smoothie King Center,New Orleans Pelicans,Phoenix Suns,119 - 99
177,4,10/11/2018 20:00,AmericanAirlines Arena,Miami Heat,Washington Wizards,110 - 116
178,4,10/11/2018 20:00,United Center,Chicago Bulls,Cleveland Cavaliers,99 - 98
179,4,10/11/2018 20:00,FedExForum,Memphis Grizzlies,Philadelphia 76ers,112 - 106
180,4,10/11/2018 20:30,AT+ACY-T Center,San Antonio Spurs,Houston Rockets,96 - 89
181,4,10/11/2018 20:30,ORACLE Arena,Golden State Warriors,Brooklyn Nets,116 - 100
182,4,10/11/2018 21:00,American Airlines Center,Dallas Mavericks,Oklahoma City Thunder,111 - 96
183,4,10/11/2018 22:00,Golden 1 Center,Sacramento Kings,Los Angeles Lakers,86 - 101
184,4,11/11/2018 15:30,Little Caesars Arena,Detroit Pistons,Charlotte Hornets,103 - 113
185,4,11/11/2018 19:00,Toyota Center,Houston Rockets,Indiana Pacers,115 - 103
186,4,11/11/2018 19:30,Madison Square Garden,New York Knicks,Orlando Magic,89 - 115
187,4,11/11/2018 20:00,Pepsi Center,Denver Nuggets,Milwaukee Bucks,114 - 121
188,4,11/11/2018 21:00,Moda Center,Portland Trail Blazers,Boston Celtics,100 - 94
189,4,11/11/2018 21:30,Staples Center,Los Angeles Lakers,Atlanta Hawks,107 - 106
190,4,12/11/2018 19:00,Capital One Arena,Washington Wizards,Orlando Magic,117 - 109
191,4,12/11/2018 19:30,AmericanAirlines Arena,Miami Heat,Philadelphia 76ers,114 - 124
192,4,12/11/2018 19:30,Scotiabank Arena,Toronto Raptors,New Orleans Pelicans,110 - 126
193,4,12/11/2018 20:00,United Center,Chicago Bulls,Dallas Mavericks,98 - 103
194,4,12/11/2018 20:00,FedExForum,Memphis Grizzlies,Utah Jazz,88 - 96
195,4,12/11/2018 20:00,Target Center,Minnesota Timberwolves,Brooklyn Nets,120 - 113
196,4,12/11/2018 20:00,Chesapeake Energy Arena,Oklahoma City Thunder,Phoenix Suns,118 - 101
197,4,12/11/2018 22:00,Golden 1 Center,Sacramento Kings,San Antonio Spurs,104 - 99
198,4,12/11/2018 22:30,Staples Center,LA Clippers,Golden State Warriors,121 - 116
199,4,13/11/2018 19:00,Quicken Loans Arena,Cleveland Cavaliers,Charlotte Hornets,113 - 89
200,4,13/11/2018 21:00,Pepsi Center,Denver Nuggets,Houston Rockets,99 - 109
201,4,13/11/2018 22:30,ORACLE Arena,Golden State Warriors,Atlanta Hawks,110 - 103
202,4,14/11/2018 19:00,Amway Center,Orlando Magic,Philadelphia 76ers,111 - 106
203,4,14/11/2018 19:00,Capital One Arena,Washington Wizards,Cleveland Cavaliers,119 - 95
204,4,14/11/2018 19:30,TD Garden,Boston Celtics,Chicago Bulls,111 - 82
205,4,14/11/2018 19:30,Barclays Center,Brooklyn Nets,Miami Heat,107 - 120
206,4,14/11/2018 19:30,Scotiabank Arena,Toronto Raptors,Detroit Pistons,104 - 106
207,4,14/11/2018 20:00,Fiserv Forum,Milwaukee Bucks,Memphis Grizzlies,113 - 116
208,4,14/11/2018 20:00,Target Center,Minnesota Timberwolves,New Orleans Pelicans,107 - 100
209,4,14/11/2018 20:00,Chesapeake Energy Arena,Oklahoma City Thunder,New York Knicks,128 - 103
210,4,14/11/2018 20:30,American Airlines Center,Dallas Mavericks,Utah Jazz,118 - 68
211,4,14/11/2018 21:00,Talking Stick Resort Arena,Phoenix Suns,San Antonio Spurs,116 - 96
212,4,14/11/2018 22:30,Staples Center,Los Angeles Lakers,Portland Trail Blazers,126 - 117
213,5,15/11/2018 20:00,Toyota Center,Houston Rockets,Golden State Warriors,107 - 86
214,5,15/11/2018 21:00,Pepsi Center,Denver Nuggets,Atlanta Hawks,138 - 93
215,5,15/11/2018 22:30,Staples Center,LA Clippers,San Antonio Spurs,116 - 111
216,5,16/11/2018 19:00,TD Garden,Boston Celtics,Toronto Raptors,123 - 116
217,5,16/11/2018 19:00,Bankers Life Fieldhouse,Indiana Pacers,Miami Heat,99 - 91
218,5,16/11/2018 19:00,Wells Fargo Center,Philadelphia 76ers,Utah Jazz,113 - 107
219,5,16/11/2018 19:00,Capital One Arena,Washington Wizards,Brooklyn Nets,104 - 115
220,5,16/11/2018 20:00,FedExForum,Memphis Grizzlies,Sacramento Kings,112 - 104
221,5,16/11/2018 20:00,Target Center,Minnesota Timberwolves,Portland Trail Blazers,112 - 96
222,5,16/11/2018 20:00,Smoothie King Center,New Orleans Pelicans,New York Knicks,129 - 124
223,5,16/11/2018 21:30,Fiserv Forum,Milwaukee Bucks,Chicago Bulls,123 - 104
224,5,17/11/2018 18:00,Barclays Center,Brooklyn Nets,LA Clippers,119 - 127
225,5,17/11/2018 19:00,Spectrum Center,Charlotte Hornets,Philadelphia 76ers,119 - 122
226,5,17/11/2018 19:00,Bankers Life Fieldhouse,Indiana Pacers,Atlanta Hawks,97 - 89
227,5,17/11/2018 19:00,Amway Center,Orlando Magic,Los Angeles Lakers,130 - 117
228,5,17/11/2018 19:00,Smoothie King Center,New Orleans Pelicans,Denver Nuggets,125 - 115
229,5,17/11/2018 19:30,TD Garden,Boston Celtics,Utah Jazz,86 - 98
230,5,17/11/2018 20:00,United Center,Chicago Bulls,Toronto Raptors,83 - 122
231,5,17/11/2018 20:00,Toyota Center,Houston Rockets,Sacramento Kings,132 - 112
232,5,17/11/2018 20:30,American Airlines Center,Dallas Mavericks,Golden State Warriors,112 - 109
233,5,17/11/2018 21:00,Talking Stick Resort Arena,Phoenix Suns,Oklahoma City Thunder,100 - 110
234,5,18/11/2018 15:30,Target Center,Minnesota Timberwolves,Memphis Grizzlies,87 - 100
235,5,18/11/2018 18:00,AmericanAirlines Arena,Miami Heat,Los Angeles Lakers,97 - 113
236,5,18/11/2018 18:00,Amway Center,Orlando Magic,New York Knicks,131 - 117
237,5,18/11/2018 18:00,Capital One Arena,Washington Wizards,Portland Trail Blazers,109 - 119
238,5,18/11/2018 19:00,AT+ACY-T Center,San Antonio Spurs,Golden State Warriors,104 - 92
239,5,19/11/2018 19:00,Spectrum Center,Charlotte Hornets,Boston Celtics,117 - 112
240,5,19/11/2018 19:00,Little Caesars Arena,Detroit Pistons,Cleveland Cavaliers,113 - 102
241,5,19/11/2018 19:00,Bankers Life Fieldhouse,Indiana Pacers,Utah Jazz,121 - 94
242,5,19/11/2018 19:00,Wells Fargo Center,Philadelphia 76ers,Phoenix Suns,119 - 114
243,5,19/11/2018 19:30,State Farm Arena,Atlanta Hawks,LA Clippers,119 - 127
244,5,19/11/2018 20:00,FedExForum,Memphis Grizzlies,Dallas Mavericks,98 - 88
245,5,19/11/2018 20:00,Fiserv Forum,Milwaukee Bucks,Denver Nuggets,104 - 98
246,5,19/11/2018 20:00,Smoothie King Center,New Orleans Pelicans,San Antonio Spurs,140 - 126
247,5,19/11/2018 22:00,Golden 1 Center,Sacramento Kings,Oklahoma City Thunder,117 - 113
248,5,20/11/2018 19:00,Amway Center,Orlando Magic,Toronto Raptors,91 - 93
249,5,20/11/2018 19:00,Capital One Arena,Washington Wizards,LA Clippers,125 - 118
250,5,20/11/2018 19:30,AmericanAirlines Arena,Miami Heat,Brooklyn Nets,92 - 104
251,5,20/11/2018 19:30,Madison Square Garden,New York Knicks,Portland Trail Blazers,114 - 118
252,5,21/11/2018 19:00,Spectrum Center,Charlotte Hornets,Indiana Pacers,127 - 109
253,5,21/11/2018 19:00,Wells Fargo Center,Philadelphia 76ers,New Orleans Pelicans,121 - 120
254,5,21/11/2018 19:30,State Farm Arena,Atlanta Hawks,Toronto Raptors,108 - 124
255,5,21/11/2018 19:30,TD Garden,Boston Celtics,New York Knicks,109 - 117
256,5,21/11/2018 20:00,Quicken Loans Arena,Cleveland Cavaliers,Los Angeles Lakers,105 - 109
257,5,21/11/2018 20:00,United Center,Chicago Bulls,Phoenix Suns,124 - 116
258,5,21/11/2018 20:00,Toyota Center,Houston Rockets,Detroit Pistons,126 - 124
259,5,21/11/2018 20:00,Fiserv Forum,Milwaukee Bucks,Portland Trail Blazers,143 - 100
260,5,21/11/2018 20:00,Target Center,Minnesota Timberwolves,Denver Nuggets,101 - 103
261,5,21/11/2018 20:30,American Airlines Center,Dallas Mavericks,Brooklyn Nets,119 - 113
262,5,21/11/2018 20:30,AT+ACY-T Center,San Antonio Spurs,Memphis Grizzlies,103 - 104
263,5,21/11/2018 21:00,Vivint Smart Home Arena,Utah Jazz,Sacramento Kings,110 - 119
264,5,21/11/2018 22:30,ORACLE Arena,Golden State Warriors,Oklahoma City Thunder,95 - 123
265,6,23/11/2018 12:00,Barclays Center,Brooklyn Nets,Minnesota Timberwolves,102 - 112
266,6,23/11/2018 15:30,Staples Center,LA Clippers,Memphis Grizzlies,112 - 107
267,6,23/11/2018 19:00,Little Caesars Arena,Detroit Pistons,Houston Rockets,116 - 111
268,6,23/11/2018 19:30,State Farm Arena,Atlanta Hawks,Boston Celtics,96 - 114
269,6,23/11/2018 19:30,Madison Square Garden,New York Knicks,New Orleans Pelicans,114 - 109
270,6,23/11/2018 19:30,Wells Fargo Center,Philadelphia 76ers,Cleveland Cavaliers,112 - 121
271,6,23/11/2018 19:30,Scotiabank Arena,Toronto Raptors,Washington Wizards,125 - 107
272,6,23/11/2018 20:00,Bankers Life Fieldhouse,Indiana Pacers,San Antonio Spurs,100 - 111
273,6,23/11/2018 20:00,United Center,Chicago Bulls,Miami Heat,96 - 103
274,6,23/11/2018 20:00,Chesapeake Energy Arena,Oklahoma City Thunder,Charlotte Hornets,109 - 104
275,6,23/11/2018 20:30,Fiserv Forum,Milwaukee Bucks,Phoenix Suns,114 - 116
276,6,23/11/2018 21:00,Pepsi Center,Denver Nuggets,Orlando Magic,112 - 87
277,6,23/11/2018 22:30,ORACLE Arena,Golden State Warriors,Portland Trail Blazers,125 - 97
278,6,23/11/2018 22:30,Staples Center,Los Angeles Lakers,Utah Jazz,90 - 83
279,6,24/11/2018 19:30,Quicken Loans Arena,Cleveland Cavaliers,Houston Rockets,117 - 108
280,6,24/11/2018 20:00,Capital One Arena,Washington Wizards,New Orleans Pelicans,124 - 114
281,6,24/11/2018 20:00,Target Center,Minnesota Timberwolves,Chicago Bulls,111 - 96
282,6,24/11/2018 20:00,Chesapeake Energy Arena,Oklahoma City Thunder,Denver Nuggets,98 - 105
283,6,24/11/2018 20:30,American Airlines Center,Dallas Mavericks,Boston Celtics,113 - 104
284,6,24/11/2018 20:30,Fiserv Forum,Milwaukee Bucks,San Antonio Spurs,135 - 129
285,6,24/11/2018 20:30,ORACLE Arena,Golden State Warriors,Sacramento Kings,117 - 116
286,6,25/11/2018 15:30,Staples Center,Los Angeles Lakers,Orlando Magic,104 - 108
287,6,25/11/2018 16:00,Little Caesars Arena,Detroit Pistons,Phoenix Suns,118 - 107
288,6,25/11/2018 18:00,State Farm Arena,Atlanta Hawks,Charlotte Hornets,124 - 123
289,6,25/11/2018 18:00,Barclays Center,Brooklyn Nets,Philadelphia 76ers,125 - 127
290,6,25/11/2018 18:00,Scotiabank Arena,Toronto Raptors,Miami Heat,125 - 115
291,6,25/11/2018 18:00,FedExForum,Memphis Grizzlies,New York Knicks,98 - 103
292,6,25/11/2018 20:00,Golden 1 Center,Sacramento Kings,Utah Jazz,112 - 133
293,6,25/11/2018 21:00,Moda Center,Portland Trail Blazers,LA Clippers,100 - 104
294,6,26/11/2018 19:00,Spectrum Center,Charlotte Hornets,Milwaukee Bucks,110 - 107
295,6,26/11/2018 19:00,Quicken Loans Arena,Cleveland Cavaliers,Minnesota Timberwolves,95 - 102
296,6,26/11/2018 19:00,Capital One Arena,Washington Wizards,Houston Rockets,135 - 131
297,6,26/11/2018 20:00,United Center,Chicago Bulls,San Antonio Spurs,107 - 108
298,6,26/11/2018 20:00,Smoothie King Center,New Orleans Pelicans,Boston Celtics,107 - 124
299,6,26/11/2018 21:00,Vivint Smart Home Arena,Utah Jazz,Indiana Pacers,88 - 121
300,6,26/11/2018 22:30,ORACLE Arena,Golden State Warriors,Orlando Magic,116 - 110
301,6,27/11/2018 19:00,Little Caesars Arena,Detroit Pistons,New York Knicks,115 - 108
302,6,27/11/2018 19:30,AmericanAirlines Arena,Miami Heat,Atlanta Hawks,113 - 115
303,6,27/11/2018 20:00,FedExForum,Memphis Grizzlies,Toronto Raptors,114 - 122
304,6,27/11/2018 21:00,Pepsi Center,Denver Nuggets,Los Angeles Lakers,117 - 85
305,6,27/11/2018 21:00,Talking Stick Resort Arena,Phoenix Suns,Indiana Pacers,104 - 109
306,6,28/11/2018 19:00,Spectrum Center,Charlotte Hornets,Atlanta Hawks,108 - 94
307,6,28/11/2018 19:00,Wells Fargo Center,Philadelphia 76ers,New York Knicks,117 - 91
308,6,28/11/2018 19:30,Barclays Center,Brooklyn Nets,Utah Jazz,91 - 101
309,6,28/11/2018 20:00,Toyota Center,Houston Rockets,Dallas Mavericks,108 - 128
310,6,28/11/2018 20:00,Fiserv Forum,Milwaukee Bucks,Chicago Bulls,116 - 113
311,6,28/11/2018 20:00,Target Center,Minnesota Timberwolves,San Antonio Spurs,128 - 89
312,6,28/11/2018 20:00,Smoothie King Center,New Orleans Pelicans,Washington Wizards,125 - 104
313,6,28/11/2018 20:00,Chesapeake Energy Arena,Oklahoma City Thunder,Cleveland Cavaliers,100 - 83
314,6,28/11/2018 22:00,Moda Center,Portland Trail Blazers,Orlando Magic,115 - 112
315,6,28/11/2018 22:30,Staples Center,LA Clippers,Phoenix Suns,115 - 99
316,7,29/11/2018 20:00,Scotiabank Arena,Toronto Raptors,Golden State Warriors,131 - 128
317,7,29/11/2018 22:30,Staples Center,Los Angeles Lakers,Indiana Pacers,104 - 96
318,7,29/11/2018 22:30,Golden 1 Center,Sacramento Kings,LA Clippers,121 - 133
319,7,30/11/2018 19:00,TD Garden,Boston Celtics,Cleveland Cavaliers,128 - 95
320,7,30/11/2018 19:00,Spectrum Center,Charlotte Hornets,Utah Jazz,111 - 119
321,7,30/11/2018 19:00,Little Caesars Arena,Detroit Pistons,Chicago Bulls,107 - 88
322,7,30/11/2018 19:00,Wells Fargo Center,Philadelphia 76ers,Washington Wizards,123 - 98
323,7,30/11/2018 19:30,Barclays Center,Brooklyn Nets,Memphis Grizzlies,125 - 131
324,7,30/11/2018 20:00,AmericanAirlines Arena,Miami Heat,New Orleans Pelicans,106 - 101
325,7,30/11/2018 20:00,Chesapeake Energy Arena,Oklahoma City Thunder,Atlanta Hawks,124 - 109
326,7,30/11/2018 20:00,AT+ACY-T Center,San Antonio Spurs,Houston Rockets,105 - 136
327,7,30/11/2018 21:00,Talking Stick Resort Arena,Phoenix Suns,Orlando Magic,85 - 99
328,7,30/11/2018 22:30,Staples Center,Los Angeles Lakers,Dallas Mavericks,114 - 103
329,7,30/11/2018 22:30,Moda Center,Portland Trail Blazers,Denver Nuggets,112 - 113
330,7,01/12/2018 17:00,Madison Square Garden,New York Knicks,Milwaukee Bucks,136 - 134
331,7,01/12/2018 19:00,Little Caesars Arena,Detroit Pistons,Golden State Warriors,111 - 102
332,7,01/12/2018 19:00,Capital One Arena,Washington Wizards,Brooklyn Nets,102 - 88
333,7,01/12/2018 20:00,Quicken Loans Arena,Cleveland Cavaliers,Toronto Raptors,95 - 106
334,7,01/12/2018 20:00,Toyota Center,Houston Rockets,Chicago Bulls,121 - 105
335,7,01/12/2018 20:00,Target Center,Minnesota Timberwolves,Boston Celtics,109 - 118
336,7,01/12/2018 22:00,Golden 1 Center,Sacramento Kings,Indiana Pacers,111 - 110
337,7,02/12/2018 15:30,Staples Center,Los Angeles Lakers,Phoenix Suns,120 - 96
338,7,02/12/2018 17:00,Spectrum Center,Charlotte Hornets,New Orleans Pelicans,109 - 119
339,7,02/12/2018 18:00,AmericanAirlines Arena,Miami Heat,Utah Jazz,102 - 100
340,7,02/12/2018 18:00,Wells Fargo Center,Philadelphia 76ers,Memphis Grizzlies,103 - 95
341,7,02/12/2018 19:00,American Airlines Center,Dallas Mavericks,LA Clippers,114 - 110
342,7,02/12/2018 19:00,AT+ACY-T Center,San Antonio Spurs,Portland Trail Blazers,131 - 118
343,7,03/12/2018 19:00,Little Caesars Arena,Detroit Pistons,Oklahoma City Thunder,83 - 110
344,7,03/12/2018 19:30,State Farm Arena,Atlanta Hawks,Golden State Warriors,111 - 128
345,7,03/12/2018 19:30,Barclays Center,Brooklyn Nets,Cleveland Cavaliers,97 - 99
346,7,03/12/2018 19:30,Madison Square Garden,New York Knicks,Washington Wizards,107 - 110
347,7,03/12/2018 19:30,Scotiabank Arena,Toronto Raptors,Denver Nuggets,103 - 106
348,7,03/12/2018 20:00,Target Center,Minnesota Timberwolves,Houston Rockets,103 - 91
349,7,03/12/2018 20:00,Smoothie King Center,New Orleans Pelicans,LA Clippers,126 - 129
350,7,04/12/2018 19:00,Bankers Life Fieldhouse,Indiana Pacers,Chicago Bulls,96 - 90
351,7,04/12/2018 19:30,AmericanAirlines Arena,Miami Heat,Orlando Magic,90 - 105
352,7,04/12/2018 20:30,American Airlines Center,Dallas Mavericks,Portland Trail Blazers,111 - 102
353,7,04/12/2018 21:00,Talking Stick Resort Arena,Phoenix Suns,Sacramento Kings,105 - 122
354,7,04/12/2018 21:00,Vivint Smart Home Arena,Utah Jazz,San Antonio Spurs,139 - 105
355,7,05/12/2018 19:00,Quicken Loans Arena,Cleveland Cavaliers,Golden State Warriors,105 - 129
356,7,05/12/2018 19:00,Amway Center,Orlando Magic,Denver Nuggets,118 - 124
357,7,05/12/2018 19:30,State Farm Arena,Atlanta Hawks,Washington Wizards,117 - 131
358,7,05/12/2018 19:30,Barclays Center,Brooklyn Nets,Oklahoma City Thunder,112 - 114
359,7,05/12/2018 20:00,Scotiabank Arena,Toronto Raptors,Philadelphia 76ers,113 - 102
360,7,05/12/2018 20:00,FedExForum,Memphis Grizzlies,LA Clippers,96 - 86
361,7,05/12/2018 20:00,Fiserv Forum,Milwaukee Bucks,Detroit Pistons,115 - 92
362,7,05/12/2018 20:00,Target Center,Minnesota Timberwolves,Charlotte Hornets,121 - 104
363,7,05/12/2018 20:00,Smoothie King Center,New Orleans Pelicans,Dallas Mavericks,132 - 106
364,7,05/12/2018 22:30,Staples Center,Los Angeles Lakers,San Antonio Spurs,121 - 113
365,8,06/12/2018 20:00,TD Garden,Boston Celtics,New York Knicks,128 - 100
366,8,06/12/2018 22:00,Moda Center,Portland Trail Blazers,Phoenix Suns,108 - 86
367,8,06/12/2018 22:30,Vivint Smart Home Arena,Utah Jazz,Houston Rockets,118 - 91
368,8,07/12/2018 19:00,Spectrum Center,Charlotte Hornets,Denver Nuggets,113 - 107
369,8,07/12/2018 19:00,Little Caesars Arena,Detroit Pistons,Philadelphia 76ers,111 - 117
370,8,07/12/2018 19:00,Amway Center,Orlando Magic,Indiana Pacers,90 - 112
371,8,07/12/2018 19:30,Barclays Center,Brooklyn Nets,Toronto Raptors,106 - 105
372,8,07/12/2018 19:30,Quicken Loans Arena,Cleveland Cavaliers,Sacramento Kings,110 - 129
373,8,07/12/2018 20:00,United Center,Chicago Bulls,Oklahoma City Thunder,114 - 112
374,8,07/12/2018 20:00,Smoothie King Center,New Orleans Pelicans,Memphis Grizzlies,103 - 107
375,8,07/12/2018 20:30,AT+ACY-T Center,San Antonio Spurs,Los Angeles Lakers,133 - 120
376,8,07/12/2018 21:00,Talking Stick Resort Arena,Phoenix Suns,Miami Heat,98 - 115
377,8,07/12/2018 21:30,Fiserv Forum,Milwaukee Bucks,Golden State Warriors,95 - 105
378,8,08/12/2018 18:00,American Airlines Center,Dallas Mavericks,Houston Rockets,107 - 104
379,8,08/12/2018 19:00,Bankers Life Fieldhouse,Indiana Pacers,Sacramento Kings,107 - 97
380,8,08/12/2018 19:30,State Farm Arena,Atlanta Hawks,Denver Nuggets,106 - 98
381,8,08/12/2018 19:30,Quicken Loans Arena,Cleveland Cavaliers,Washington Wizards,116 - 101
382,8,08/12/2018 19:30,Madison Square Garden,New York Knicks,Brooklyn Nets,104 - 112
383,8,08/12/2018 20:00,United Center,Chicago Bulls,Boston Celtics,77 - 133
384,8,08/12/2018 20:00,FedExForum,Memphis Grizzlies,Los Angeles Lakers,88 - 111
385,8,08/12/2018 22:00,Moda Center,Portland Trail Blazers,Minnesota Timberwolves,113 - 105
386,8,08/12/2018 22:30,Staples Center,LA Clippers,Miami Heat,98 - 121
387,8,09/12/2018 15:30,Little Caesars Arena,Detroit Pistons,New Orleans Pelicans,108 - 116
388,8,09/12/2018 18:00,Scotiabank Arena,Toronto Raptors,Milwaukee Bucks,99 - 104
389,8,09/12/2018 19:00,AT+ACY-T Center,San Antonio Spurs,Utah Jazz,110 - 97
390,8,09/12/2018 19:30,Madison Square Garden,New York Knicks,Charlotte Hornets,107 - 119
391,8,10/12/2018 19:00,Bankers Life Fieldhouse,Indiana Pacers,Washington Wizards,109 - 101
392,8,10/12/2018 19:00,Wells Fargo Center,Philadelphia 76ers,Detroit Pistons,116 - 102
393,8,10/12/2018 19:30,TD Garden,Boston Celtics,New Orleans Pelicans,113 - 100
394,8,10/12/2018 20:00,United Center,Chicago Bulls,Sacramento Kings,89 - 108
395,8,10/12/2018 20:00,Fiserv Forum,Milwaukee Bucks,Cleveland Cavaliers,108 - 92
396,8,10/12/2018 20:00,Chesapeake Energy Arena,Oklahoma City Thunder,Utah Jazz,122 - 113
397,8,10/12/2018 20:30,American Airlines Center,Dallas Mavericks,Orlando Magic,101 - 76
398,8,10/12/2018 21:00,Pepsi Center,Denver Nuggets,Memphis Grizzlies,105 - 99
399,8,10/12/2018 21:00,Talking Stick Resort Arena,Phoenix Suns,LA Clippers,119 - 123
400,8,10/12/2018 22:30,ORACLE Arena,Golden State Warriors,Minnesota Timberwolves,116 - 108
401,8,10/12/2018 22:30,Staples Center,Los Angeles Lakers,Miami Heat,108 - 105
402,8,11/12/2018 20:00,Toyota Center,Houston Rockets,Portland Trail Blazers,111 - 103
403,8,11/12/2018 20:30,AT+ACY-T Center,San Antonio Spurs,Phoenix Suns,111 - 86
404,8,11/12/2018 22:30,Staples Center,LA Clippers,Toronto Raptors,99 - 123
405,8,12/12/2018 19:00,Spectrum Center,Charlotte Hornets,Detroit Pistons,108 - 107
406,8,12/12/2018 19:00,Quicken Loans Arena,Cleveland Cavaliers,New York Knicks,113 - 106
407,8,12/12/2018 19:00,Bankers Life Fieldhouse,Indiana Pacers,Milwaukee Bucks,113 - 97
408,8,12/12/2018 19:00,Wells Fargo Center,Philadelphia 76ers,Brooklyn Nets,124 - 127
409,8,12/12/2018 19:00,Capital One Arena,Washington Wizards,Boston Celtics,125 - 130
410,8,12/12/2018 20:00,FedExForum,Memphis Grizzlies,Portland Trail Blazers,92 - 83
411,8,12/12/2018 20:00,Smoothie King Center,New Orleans Pelicans,Oklahoma City Thunder,118 - 114
412,8,12/12/2018 20:30,American Airlines Center,Dallas Mavericks,Atlanta Hawks,114 - 107
413,8,12/12/2018 21:00,Vivint Smart Home Arena,Utah Jazz,Miami Heat,111 - 84
414,8,12/12/2018 22:00,Golden 1 Center,Sacramento Kings,Minnesota Timberwolves,141 - 130
415,8,12/12/2018 22:30,ORACLE Arena,Golden State Warriors,Toronto Raptors,93 - 113
416,9,13/12/2018 20:00,Toyota Center,Houston Rockets,Los Angeles Lakers,126 - 111
417,9,13/12/2018 20:30,AT+ACY-T Center,San Antonio Spurs,LA Clippers,125 - 87
418,9,13/12/2018 21:30,Arena Ciudad de Mexico,Orlando Magic,Chicago Bulls,97 - 91
419,9,13/12/2018 22:30,Talking Stick Resort Arena,Phoenix Suns,Dallas Mavericks,99 - 89
420,9,14/12/2018 19:00,TD Garden,Boston Celtics,Atlanta Hawks,129 - 108
421,9,14/12/2018 19:00,Spectrum Center,Charlotte Hornets,New York Knicks,124 - 126
422,9,14/12/2018 19:30,Barclays Center,Brooklyn Nets,Washington Wizards,125 - 118
423,9,14/12/2018 19:30,Quicken Loans Arena,Cleveland Cavaliers,Milwaukee Bucks,102 - 114
424,9,14/12/2018 19:30,Wells Fargo Center,Philadelphia 76ers,Indiana Pacers,101 - 113
425,9,14/12/2018 20:00,FedExForum,Memphis Grizzlies,Miami Heat,97 - 100
426,9,14/12/2018 22:00,Pepsi Center,Denver Nuggets,Oklahoma City Thunder,109 - 98
427,9,14/12/2018 22:00,Moda Center,Portland Trail Blazers,Toronto Raptors,128 - 122
428,9,14/12/2018 22:00,Golden 1 Center,Sacramento Kings,Golden State Warriors,125 - 130
429,9,15/12/2018 17:00,Arena Ciudad de Mexico,Orlando Magic,Utah Jazz,96 - 89
430,9,15/12/2018 19:00,Spectrum Center,Charlotte Hornets,Los Angeles Lakers,100 - 128
431,9,15/12/2018 19:00,Little Caesars Arena,Detroit Pistons,Boston Celtics,113 - 104
432,9,15/12/2018 20:00,FedExForum,Memphis Grizzlies,Houston Rockets,97 - 105
433,9,15/12/2018 20:30,AT+ACY-T Center,San Antonio Spurs,Chicago Bulls,93 - 98
434,9,15/12/2018 21:00,Chesapeake Energy Arena,Oklahoma City Thunder,LA Clippers,110 - 104
435,9,15/12/2018 21:00,Talking Stick Resort Arena,Phoenix Suns,Minnesota Timberwolves,107 - 99
436,9,16/12/2018 15:00,Barclays Center,Brooklyn Nets,Atlanta Hawks,144 - 127
437,9,16/12/2018 15:30,Quicken Loans Arena,Cleveland Cavaliers,Philadelphia 76ers,105 - 128
438,9,16/12/2018 17:00,Bankers Life Fieldhouse,Indiana Pacers,New York Knicks,110 - 99
439,9,16/12/2018 18:00,Capital One Arena,Washington Wizards,Los Angeles Lakers,128 - 110
440,9,16/12/2018 19:00,American Airlines Center,Dallas Mavericks,Sacramento Kings,113 - 120
441,9,16/12/2018 19:00,Smoothie King Center,New Orleans Pelicans,Miami Heat,96 - 102
442,9,16/12/2018 20:00,Pepsi Center,Denver Nuggets,Toronto Raptors,95 - 86
443,9,17/12/2018 19:00,Little Caesars Arena,Detroit Pistons,Milwaukee Bucks,104 - 107
444,9,17/12/2018 19:30,Madison Square Garden,New York Knicks,Phoenix Suns,110 - 128
445,9,17/12/2018 20:00,Toyota Center,Houston Rockets,Utah Jazz,102 - 97
446,9,17/12/2018 20:00,Target Center,Minnesota Timberwolves,Sacramento Kings,132 - 105
447,9,17/12/2018 20:00,Chesapeake Energy Arena,Oklahoma City Thunder,Chicago Bulls,121 - 96
448,9,17/12/2018 20:30,AT+ACY-T Center,San Antonio Spurs,Philadelphia 76ers,123 - 96
449,9,17/12/2018 22:30,ORACLE Arena,Golden State Warriors,Memphis Grizzlies,110 - 93
450,9,17/12/2018 22:30,Staples Center,LA Clippers,Portland Trail Blazers,127 - 131
451,9,18/12/2018 19:00,Bankers Life Fieldhouse,Indiana Pacers,Cleveland Cavaliers,91 - 92
452,9,18/12/2018 19:30,State Farm Arena,Atlanta Hawks,Washington Wizards,118 - 110
453,9,18/12/2018 19:30,Barclays Center,Brooklyn Nets,Los Angeles Lakers,115 - 110
454,9,18/12/2018 21:00,Pepsi Center,Denver Nuggets,Dallas Mavericks,126 - 118
455,9,19/12/2018 19:00,Spectrum Center,Charlotte Hornets,Cleveland Cavaliers,110 - 99
456,9,19/12/2018 19:00,Amway Center,Orlando Magic,San Antonio Spurs,90 - 129
457,9,19/12/2018 19:00,Wells Fargo Center,Philadelphia 76ers,New York Knicks,131 - 109
458,9,19/12/2018 19:30,TD Garden,Boston Celtics,Phoenix Suns,103 - 111
459,9,19/12/2018 19:30,Scotiabank Arena,Toronto Raptors,Indiana Pacers,99 - 96
460,9,19/12/2018 20:00,United Center,Chicago Bulls,Brooklyn Nets,93 - 96
461,9,19/12/2018 20:00,Toyota Center,Houston Rockets,Washington Wizards,136 - 118
462,9,19/12/2018 20:00,Fiserv Forum,Milwaukee Bucks,New Orleans Pelicans,123 - 115
463,9,19/12/2018 20:00,Target Center,Minnesota Timberwolves,Detroit Pistons,123 - 129
464,9,19/12/2018 21:00,Vivint Smart Home Arena,Utah Jazz,Golden State Warriors,108 - 103
465,9,19/12/2018 22:00,Moda Center,Portland Trail Blazers,Memphis Grizzlies,99 - 92
466,9,19/12/2018 22:00,Golden 1 Center,Sacramento Kings,Oklahoma City Thunder,113 - 132
467,10,20/12/2018 20:00,AmericanAirlines Arena,Miami Heat,Houston Rockets,101 - 99
468,10,20/12/2018 22:30,Staples Center,LA Clippers,Dallas Mavericks,125 - 121
469,10,21/12/2018 19:00,Spectrum Center,Charlotte Hornets,Detroit Pistons,98 - 86
470,10,21/12/2018 19:00,Scotiabank Arena,Toronto Raptors,Cleveland Cavaliers,126 - 110
471,10,21/12/2018 19:30,Barclays Center,Brooklyn Nets,Indiana Pacers,106 - 114
472,10,21/12/2018 19:30,Madison Square Garden,New York Knicks,Atlanta Hawks,107 - 114
473,10,21/12/2018 20:00,TD Garden,Boston Celtics,Milwaukee Bucks,107 - 120
474,10,21/12/2018 20:00,United Center,Chicago Bulls,Orlando Magic,90 - 80
475,10,21/12/2018 20:30,AT+ACY-T Center,San Antonio Spurs,Minnesota Timberwolves,124 - 98
476,10,21/12/2018 22:00,Moda Center,Portland Trail Blazers,Utah Jazz,90 - 120
477,10,21/12/2018 22:00,Golden 1 Center,Sacramento Kings,Memphis Grizzlies,102 - 99
478,10,21/12/2018 22:30,Staples Center,Los Angeles Lakers,New Orleans Pelicans,112 - 104
479,10,22/12/2018 17:00,Staples Center,LA Clippers,Denver Nuggets,132 - 111
480,10,22/12/2018 19:00,Capital One Arena,Washington Wizards,Phoenix Suns,149 - 146
481,10,22/12/2018 19:30,Wells Fargo Center,Philadelphia 76ers,Toronto Raptors,126 - 101
482,10,22/12/2018 20:00,AmericanAirlines Arena,Miami Heat,Milwaukee Bucks,94 - 87
483,10,22/12/2018 20:00,Toyota Center,Houston Rockets,San Antonio Spurs,108 - 101
484,10,22/12/2018 20:30,ORACLE Arena,Golden State Warriors,Dallas Mavericks,120 - 116
485,10,22/12/2018 21:00,Vivint Smart Home Arena,Utah Jazz,Oklahoma City Thunder,106 - 107
486,10,23/12/2018 16:00,Little Caesars Arena,Detroit Pistons,Atlanta Hawks,95 - 98
487,10,23/12/2018 17:00,Bankers Life Fieldhouse,Indiana Pacers,Washington Wizards,105 - 89
488,10,23/12/2018 18:00,TD Garden,Boston Celtics,Charlotte Hornets,119 - 103
489,10,23/12/2018 18:00,Barclays Center,Brooklyn Nets,Phoenix Suns,111 - 103
490,10,23/12/2018 18:00,Quicken Loans Arena,Cleveland Cavaliers,Chicago Bulls,92 - 112
491,10,23/12/2018 18:00,Amway Center,Orlando Magic,Miami Heat,91 - 115
492,10,23/12/2018 18:00,Golden 1 Center,Sacramento Kings,New Orleans Pelicans,122 - 117
493,10,23/12/2018 20:00,Chesapeake Energy Arena,Oklahoma City Thunder,Minnesota Timberwolves,112 - 114
494,10,23/12/2018 20:30,ORACLE Arena,Golden State Warriors,LA Clippers,129 - 127
495,10,23/12/2018 21:00,Moda Center,Portland Trail Blazers,Dallas Mavericks,121 - 118
496,10,23/12/2018 21:30,Staples Center,Los Angeles Lakers,Memphis Grizzlies,99 - 107
497,10,25/12/2018 12:00,Madison Square Garden,New York Knicks,Milwaukee Bucks,95 - 109
498,10,25/12/2018 15:00,Toyota Center,Houston Rockets,Oklahoma City Thunder,113 - 109
499,10,25/12/2018 17:30,TD Garden,Boston Celtics,Philadelphia 76ers,121 - 114
500,10,25/12/2018 20:00,ORACLE Arena,Golden State Warriors,Los Angeles Lakers,101 - 127
501,10,25/12/2018 22:30,Vivint Smart Home Arena,Utah Jazz,Portland Trail Blazers,117 - 96
502,10,26/12/2018 19:00,Little Caesars Arena,Detroit Pistons,Washington Wizards,106 - 95
503,10,26/12/2018 19:00,Amway Center,Orlando Magic,Phoenix Suns,120 - 122
504,10,26/12/2018 19:30,State Farm Arena,Atlanta Hawks,Indiana Pacers,121 - 129
505,10,26/12/2018 19:30,Barclays Center,Brooklyn Nets,Charlotte Hornets,134 - 132
506,10,26/12/2018 19:30,AmericanAirlines Arena,Miami Heat,Toronto Raptors,104 - 106
507,10,26/12/2018 20:00,United Center,Chicago Bulls,Minnesota Timberwolves,94 - 119
508,10,26/12/2018 20:00,FedExForum,Memphis Grizzlies,Cleveland Cavaliers,95 - 87
509,10,26/12/2018 20:30,American Airlines Center,Dallas Mavericks,New Orleans Pelicans,122 - 119
510,10,26/12/2018 20:30,AT+ACY-T Center,San Antonio Spurs,Denver Nuggets,111 - 103
511,10,26/12/2018 22:30,Staples Center,LA Clippers,Sacramento Kings,127 - 118
512,11,27/12/2018 20:00,Toyota Center,Houston Rockets,Boston Celtics,127 - 113
513,11,27/12/2018 20:00,Fiserv Forum,Milwaukee Bucks,New York Knicks,112 - 96
514,11,27/12/2018 22:00,Golden 1 Center,Sacramento Kings,Los Angeles Lakers,117 - 116
515,11,27/12/2018 22:30,Vivint Smart Home Arena,Utah Jazz,Philadelphia 76ers,97 - 114
516,11,27/12/2018 22:30,ORACLE Arena,Golden State Warriors,Portland Trail Blazers,109 - 110
517,11,28/12/2018 19:00,Spectrum Center,Charlotte Hornets,Brooklyn Nets,100 - 87
518,11,28/12/2018 19:00,Bankers Life Fieldhouse,Indiana Pacers,Detroit Pistons,125 - 88
519,11,28/12/2018 19:00,Amway Center,Orlando Magic,Toronto Raptors,116 - 87
520,11,28/12/2018 19:00,Capital One Arena,Washington Wizards,Chicago Bulls,92 - 101
521,11,28/12/2018 20:00,AmericanAirlines Arena,Miami Heat,Cleveland Cavaliers,118 - 94
522,11,28/12/2018 20:00,Target Center,Minnesota Timberwolves,Atlanta Hawks,120 - 123
523,11,28/12/2018 20:00,Smoothie King Center,New Orleans Pelicans,Dallas Mavericks,114 - 112
524,11,28/12/2018 21:00,Pepsi Center,Denver Nuggets,San Antonio Spurs,102 - 99
525,11,28/12/2018 21:00,Talking Stick Resort Arena,Phoenix Suns,Oklahoma City Thunder,102 - 118
526,11,28/12/2018 22:30,Staples Center,Los Angeles Lakers,LA Clippers,107 - 118
527,11,29/12/2018 17:00,Fiserv Forum,Milwaukee Bucks,Brooklyn Nets,129 - 115
528,11,29/12/2018 19:00,Smoothie King Center,New Orleans Pelicans,Houston Rockets,104 - 108
529,11,29/12/2018 19:00,Capital One Arena,Washington Wizards,Charlotte Hornets,130 - 126
530,11,29/12/2018 19:30,State Farm Arena,Atlanta Hawks,Cleveland Cavaliers,111 - 108
531,11,29/12/2018 20:00,FedExForum,Memphis Grizzlies,Boston Celtics,103 - 112
532,11,29/12/2018 20:00,Vivint Smart Home Arena,Utah Jazz,New York Knicks,129 - 97
533,11,29/12/2018 21:00,Talking Stick Resort Arena,Phoenix Suns,Denver Nuggets,118 - 122
534,11,29/12/2018 22:00,Moda Center,Portland Trail Blazers,Golden State Warriors,105 - 115
535,11,29/12/2018 22:30,Staples Center,LA Clippers,San Antonio Spurs,111 - 122
536,11,30/12/2018 15:30,Amway Center,Orlando Magic,Detroit Pistons,109 - 107
537,11,30/12/2018 18:00,AmericanAirlines Arena,Miami Heat,Minnesota Timberwolves,104 - 113
538,11,30/12/2018 18:00,Scotiabank Arena,Toronto Raptors,Chicago Bulls,95 - 89
539,11,30/12/2018 19:00,American Airlines Center,Dallas Mavericks,Oklahoma City Thunder,105 - 103
540,11,30/12/2018 21:00,Moda Center,Portland Trail Blazers,Philadelphia 76ers,129 - 95
541,11,30/12/2018 21:30,Staples Center,Los Angeles Lakers,Sacramento Kings,121 - 114
542,11,31/12/2018 15:00,Bankers Life Fieldhouse,Indiana Pacers,Atlanta Hawks,116 - 108
543,11,31/12/2018 18:00,Spectrum Center,Charlotte Hornets,Orlando Magic,125 - 100
544,11,31/12/2018 19:00,Toyota Center,Houston Rockets,Memphis Grizzlies,113 - 101
545,11,31/12/2018 19:00,AT+ACY-T Center,San Antonio Spurs,Boston Celtics,120 - 111
546,11,31/12/2018 20:00,Smoothie King Center,New Orleans Pelicans,Minnesota Timberwolves,123 - 114
547,11,31/12/2018 20:00,Chesapeake Energy Arena,Oklahoma City Thunder,Dallas Mavericks,122 - 102
548,11,31/12/2018 21:00,Talking Stick Resort Arena,Phoenix Suns,Golden State Warriors,109 - 132
549,11,01/01/2019 19:30,Scotiabank Arena,Toronto Raptors,Utah Jazz,122 - 116
550,11,01/01/2019 20:00,Fiserv Forum,Milwaukee Bucks,Detroit Pistons,121 - 98
551,11,01/01/2019 21:00,Pepsi Center,Denver Nuggets,New York Knicks,115 - 108
552,11,01/01/2019 21:00,Golden 1 Center,Sacramento Kings,Portland Trail Blazers,108 - 113
553,11,01/01/2019 22:30,Staples Center,LA Clippers,Philadelphia 76ers,113 - 119
554,11,02/01/2019 19:00,Spectrum Center,Charlotte Hornets,Dallas Mavericks,84 - 122
555,11,02/01/2019 19:00,Quicken Loans Arena,Cleveland Cavaliers,Miami Heat,92 - 117
556,11,02/01/2019 19:00,Capital One Arena,Washington Wizards,Atlanta Hawks,114 - 98
557,11,02/01/2019 19:30,Barclays Center,Brooklyn Nets,New Orleans Pelicans,126 - 121
558,11,02/01/2019 20:00,TD Garden,Boston Celtics,Minnesota Timberwolves,115 - 102
559,11,02/01/2019 20:00,United Center,Chicago Bulls,Orlando Magic,84 - 112
560,11,02/01/2019 20:00,FedExForum,Memphis Grizzlies,Detroit Pistons,94 - 101
561,11,02/01/2019 21:00,Talking Stick Resort Arena,Phoenix Suns,Philadelphia 76ers,127 - 132
562,11,02/01/2019 22:30,Staples Center,Los Angeles Lakers,Oklahoma City Thunder,100 - 107
563,12,03/01/2019 20:00,AT+ACY-T Center,San Antonio Spurs,Toronto Raptors,125 - 107
564,12,03/01/2019 22:00,Golden 1 Center,Sacramento Kings,Denver Nuggets,113 - 117
565,12,03/01/2019 22:30,ORACLE Arena,Golden State Warriors,Houston Rockets,134 - 135
567,12,04/01/2019 19:30,Quicken Loans Arena,Cleveland Cavaliers,Utah Jazz,91 - 117
566,12,04/01/2019 20:00,TD Garden,Boston Celtics,Dallas Mavericks,114 - 93
568,12,04/01/2019 20:00,AmericanAirlines Arena,Miami Heat,Washington Wizards,115 - 109
569,12,04/01/2019 20:00,United Center,Chicago Bulls,Indiana Pacers,116 - 119
570,12,04/01/2019 20:00,FedExForum,Memphis Grizzlies,Brooklyn Nets,100 - 109
571,12,04/01/2019 20:00,Target Center,Minnesota Timberwolves,Orlando Magic,120 - 103
572,12,04/01/2019 20:30,Fiserv Forum,Milwaukee Bucks,Atlanta Hawks,144 - 112
573,12,04/01/2019 21:00,Talking Stick Resort Arena,Phoenix Suns,LA Clippers,111 - 121
574,12,04/01/2019 22:30,Staples Center,Los Angeles Lakers,New York Knicks,112 - 119
575,12,04/01/2019 22:30,Moda Center,Portland Trail Blazers,Oklahoma City Thunder,109 - 111
576,12,05/01/2019 17:00,Pepsi Center,Denver Nuggets,Charlotte Hornets,123 - 110
577,12,05/01/2019 19:00,Little Caesars Arena,Detroit Pistons,Utah Jazz,105 - 110
578,12,05/01/2019 19:30,Wells Fargo Center,Philadelphia 76ers,Dallas Mavericks,106 - 100
579,12,05/01/2019 20:00,Quicken Loans Arena,Cleveland Cavaliers,New Orleans Pelicans,98 - 133
580,12,05/01/2019 20:30,Fiserv Forum,Milwaukee Bucks,Toronto Raptors,116 - 123
581,12,05/01/2019 20:30,AT+ACY-T Center,San Antonio Spurs,Memphis Grizzlies,108 - 88
582,12,05/01/2019 22:00,Moda Center,Portland Trail Blazers,Houston Rockets,110 - 101
583,12,05/01/2019 22:00,Golden 1 Center,Sacramento Kings,Golden State Warriors,123 - 127
584,12,06/01/2019 15:30,United Center,Chicago Bulls,Brooklyn Nets,100 - 117
585,12,06/01/2019 15:30,Target Center,Minnesota Timberwolves,Los Angeles Lakers,108 - 86
586,12,06/01/2019 15:30,Staples Center,LA Clippers,Orlando Magic,106 - 96
587,12,06/01/2019 18:00,State Farm Arena,Atlanta Hawks,Miami Heat,106 - 82
588,12,06/01/2019 19:00,Chesapeake Energy Arena,Oklahoma City Thunder,Washington Wizards,98 - 116
589,12,06/01/2019 19:30,Scotiabank Arena,Toronto Raptors,Indiana Pacers,121 - 105
590,12,06/01/2019 20:00,Talking Stick Resort Arena,Phoenix Suns,Charlotte Hornets,113 - 119
591,12,07/01/2019 19:00,Little Caesars Arena,Detroit Pistons,San Antonio Spurs,107 - 119
592,12,07/01/2019 19:30,TD Garden,Boston Celtics,Brooklyn Nets,116 - 95
593,12,07/01/2019 20:00,Toyota Center,Houston Rockets,Denver Nuggets,125 - 113
594,12,07/01/2019 20:00,Fiserv Forum,Milwaukee Bucks,Utah Jazz,114 - 102
595,12,07/01/2019 20:00,Smoothie King Center,New Orleans Pelicans,Memphis Grizzlies,114 - 95
596,12,07/01/2019 20:30,American Airlines Center,Dallas Mavericks,Los Angeles Lakers,97 - 107
597,12,07/01/2019 22:00,Moda Center,Portland Trail Blazers,New York Knicks,111 - 101
598,12,07/01/2019 22:00,Golden 1 Center,Sacramento Kings,Orlando Magic,111 - 95
599,12,08/01/2019 19:00,Quicken Loans Arena,Cleveland Cavaliers,Indiana Pacers,15 - 123
600,12,08/01/2019 19:00,Wells Fargo Center,Philadelphia 76ers,Washington Wizards,132 - 115
601,12,08/01/2019 19:30,AmericanAirlines Arena,Miami Heat,Denver Nuggets,99 - 103
602,12,08/01/2019 19:30,Scotiabank Arena,Toronto Raptors,Atlanta Hawks,104 - 101
603,12,08/01/2019 20:00,Chesapeake Energy Arena,Oklahoma City Thunder,Minnesota Timberwolves,117 - 119
604,12,08/01/2019 21:00,Talking Stick Resort Arena,Phoenix Suns,Sacramento Kings,115 - 111
605,12,08/01/2019 22:30,ORACLE Arena,Golden State Warriors,New York Knicks,122 - 95
606,12,08/01/2019 22:30,Staples Center,LA Clippers,Charlotte Hornets,128 - 109
607,12,09/01/2019 19:00,TD Garden,Boston Celtics,Indiana Pacers,135 - 108
608,12,09/01/2019 19:00,Capital One Arena,Washington Wizards,Philadelphia 76ers,123 - 106
609,12,09/01/2019 19:30,Barclays Center,Brooklyn Nets,Atlanta Hawks,116 - 100
610,12,09/01/2019 20:00,Toyota Center,Houston Rockets,Milwaukee Bucks,109 - 116
611,12,09/01/2019 20:00,FedExForum,Memphis Grizzlies,San Antonio Spurs,96 - 86
612,12,09/01/2019 20:00,Smoothie King Center,New Orleans Pelicans,Cleveland Cavaliers,140 - 124
613,12,09/01/2019 20:30,American Airlines Center,Dallas Mavericks,Phoenix Suns,104 - 94
614,12,09/01/2019 21:00,Vivint Smart Home Arena,Utah Jazz,Orlando Magic,106 - 93
615,12,09/01/2019 22:00,Moda Center,Portland Trail Blazers,Chicago Bulls,124 - 112
616,12,09/01/2019 22:30,Staples Center,Los Angeles Lakers,Detroit Pistons,113 - 100
617,13,10/01/2019 19:00,AmericanAirlines Arena,Miami Heat,Boston Celtics,115 - 99
618,13,10/01/2019 21:00,Pepsi Center,Denver Nuggets,LA Clippers,121 - 100
619,13,10/01/2019 21:30,AT+ACY-T Center,San Antonio Spurs,Oklahoma City Thunder,154 - 147
620,13,10/01/2019 22:00,Golden 1 Center,Sacramento Kings,Detroit Pistons,112 - 102
621,13,11/01/2019 19:00,Wells Fargo Center,Philadelphia 76ers,Atlanta Hawks,121 - 123
622,13,11/01/2019 19:00,Capital One Arena,Washington Wizards,Milwaukee Bucks,113 - 106
623,13,11/01/2019 19:30,Madison Square Garden,New York Knicks,Indiana Pacers,106 - 121
624,13,11/01/2019 19:30,Scotiabank Arena,Toronto Raptors,Brooklyn Nets,122 - 105
625,13,11/01/2019 20:00,Toyota Center,Houston Rockets,Cleveland Cavaliers,141 - 113
626,13,11/01/2019 20:00,Target Center,Minnesota Timberwolves,Dallas Mavericks,115 - 119
627,13,11/01/2019 22:00,Vivint Smart Home Arena,Utah Jazz,Los Angeles Lakers,113 - 95
628,13,11/01/2019 22:00,Moda Center,Portland Trail Blazers,Charlotte Hornets,127 - 96
629,13,11/01/2019 22:30,ORACLE Arena,Golden State Warriors,Chicago Bulls,146 - 109
630,13,12/01/2019 15:30,Staples Center,LA Clippers,Detroit Pistons,104 - 109
631,13,12/01/2019 17:00,AmericanAirlines Arena,Miami Heat,Memphis Grizzlies,112 - 108
632,13,12/01/2019 19:00,Amway Center,Orlando Magic,Boston Celtics,105 - 103
633,13,12/01/2019 20:00,Target Center,Minnesota Timberwolves,New Orleans Pelicans,110 - 106
634,13,12/01/2019 20:00,Chesapeake Energy Arena,Oklahoma City Thunder,San Antonio Spurs,122 - 112
635,13,12/01/2019 21:00,Talking Stick Resort Arena,Phoenix Suns,Denver Nuggets,102 - 93
636,13,12/01/2019 22:00,Golden 1 Center,Sacramento Kings,Charlotte Hornets,104 - 97
637,13,12/01/2019 22:00,Vivint Smart Home Arena,Utah Jazz,Chicago Bulls,110 - 102
638,13,13/01/2019 13:00,Madison Square Garden,New York Knicks,Philadelphia 76ers,105 - 108
639,13,13/01/2019 13:00,Capital One Arena,Washington Wizards,Toronto Raptors,138 - 140
640,13,13/01/2019 15:30,State Farm Arena,Atlanta Hawks,Milwaukee Bucks,114 - 133
641,13,13/01/2019 18:00,Amway Center,Orlando Magic,Houston Rockets,116 - 109
642,13,13/01/2019 19:00,American Airlines Center,Dallas Mavericks,Golden State Warriors,114 - 119
643,13,13/01/2019 20:00,Pepsi Center,Denver Nuggets,Portland Trail Blazers,116 - 113
644,13,13/01/2019 21:30,Staples Center,Los Angeles Lakers,Cleveland Cavaliers,95 - 101
645,13,14/01/2019 19:30,Barclays Center,Brooklyn Nets,Boston Celtics,109 - 102
646,13,14/01/2019 20:00,Toyota Center,Houston Rockets,Memphis Grizzlies,112 - 94
647,13,14/01/2019 20:30,AT+ACY-T Center,San Antonio Spurs,Charlotte Hornets,93 - 108
648,13,14/01/2019 21:00,Vivint Smart Home Arena,Utah Jazz,Detroit Pistons,100 - 94
649,13,14/01/2019 22:00,Golden 1 Center,Sacramento Kings,Portland Trail Blazers,115 - 107
650,13,14/01/2019 22:30,Staples Center,LA Clippers,New Orleans Pelicans,117 - 121
651,13,15/01/2019 19:00,Bankers Life Fieldhouse,Indiana Pacers,Phoenix Suns,131 - 97
652,13,15/01/2019 19:00,Wells Fargo Center,Philadelphia 76ers,Minnesota Timberwolves,149 - 107
653,13,15/01/2019 19:30,State Farm Arena,Atlanta Hawks,Oklahoma City Thunder,142 - 126
654,13,15/01/2019 20:00,Fiserv Forum,Milwaukee Bucks,Miami Heat,124 - 86
655,13,15/01/2019 21:00,Pepsi Center,Denver Nuggets,Golden State Warriors,111 - 142
656,13,15/01/2019 22:30,Staples Center,Los Angeles Lakers,Chicago Bulls,107 - 100
657,13,16/01/2019 19:00,Little Caesars Arena,Detroit Pistons,Orlando Magic,120 - 115
658,13,16/01/2019 20:00,TD Garden,Boston Celtics,Toronto Raptors,117 - 108
659,13,16/01/2019 20:00,Toyota Center,Houston Rockets,Brooklyn Nets,142 - 145
660,13,16/01/2019 20:00,FedExForum,Memphis Grizzlies,Milwaukee Bucks,101 - 111
661,13,16/01/2019 20:30,American Airlines Center,Dallas Mavericks,San Antonio Spurs,101 - 105
662,13,16/01/2019 22:00,Moda Center,Portland Trail Blazers,Cleveland Cavaliers,129 - 112
663,13,16/01/2019 22:30,ORACLE Arena,Golden State Warriors,New Orleans Pelicans,147 - 140
664,13,16/01/2019 22:30,Staples Center,LA Clippers,Utah Jazz,109 - 129
665,13,17/01/2019 15:00,The O2 Arena,Washington Wizards,New York Knicks,101 - 100
666,14,17/01/2019 19:00,Spectrum Center,Charlotte Hornets,Sacramento Kings,114 - 95
667,14,17/01/2019 19:00,Bankers Life Fieldhouse,Indiana Pacers,Philadelphia 76ers,96 - 120
668,14,17/01/2019 19:30,Scotiabank Arena,Toronto Raptors,Phoenix Suns,111 - 109
669,14,17/01/2019 21:00,Pepsi Center,Denver Nuggets,Chicago Bulls,135 - 105
670,14,17/01/2019 21:30,Chesapeake Energy Arena,Oklahoma City Thunder,Los Angeles Lakers,128 - 138
671,14,18/01/2019 19:00,TD Garden,Boston Celtics,Memphis Grizzlies,122 - 116
672,14,18/01/2019 19:00,Little Caesars Arena,Detroit Pistons,Miami Heat,98 - 93
673,14,18/01/2019 19:00,Amway Center,Orlando Magic,Brooklyn Nets,115 - 117
674,14,18/01/2019 20:00,Target Center,Minnesota Timberwolves,San Antonio Spurs,113 - 116
675,14,18/01/2019 21:00,Vivint Smart Home Arena,Utah Jazz,Cleveland Cavaliers,115 - 99
676,14,18/01/2019 22:30,Staples Center,LA Clippers,Golden State Warriors,94 - 112
677,14,18/01/2019 22:30,Moda Center,Portland Trail Blazers,New Orleans Pelicans,128 - 112
678,14,19/01/2019 15:30,Wells Fargo Center,Philadelphia 76ers,Oklahoma City Thunder,115 - 117
679,14,19/01/2019 17:00,Spectrum Center,Charlotte Hornets,Phoenix Suns,135 - 115
680,14,19/01/2019 19:00,Little Caesars Arena,Detroit Pistons,Sacramento Kings,101 - 103
681,14,19/01/2019 19:00,Bankers Life Fieldhouse,Indiana Pacers,Dallas Mavericks,111 - 99
682,14,19/01/2019 19:00,Amway Center,Orlando Magic,Milwaukee Bucks,108 - 118
683,14,19/01/2019 19:30,State Farm Arena,Atlanta Hawks,Boston Celtics,105 - 113
684,14,19/01/2019 19:30,Scotiabank Arena,Toronto Raptors,Memphis Grizzlies,119 - 90
685,14,19/01/2019 20:00,United Center,Chicago Bulls,Miami Heat,103 - 117
686,14,19/01/2019 20:30,Toyota Center,Houston Rockets,Los Angeles Lakers,138 - 134
687,14,19/01/2019 22:00,Pepsi Center,Denver Nuggets,Cleveland Cavaliers,124 - 102
688,14,20/01/2019 18:00,Bankers Life Fieldhouse,Indiana Pacers,Charlotte Hornets,120 - 95
689,14,20/01/2019 19:00,Target Center,Minnesota Timberwolves,Phoenix Suns,116 - 114
690,14,20/01/2019 19:00,AT+ACY-T Center,San Antonio Spurs,LA Clippers,95 - 103
691,14,21/01/2019 12:30,Madison Square Garden,New York Knicks,Oklahoma City Thunder,109 - 127
692,14,21/01/2019 13:00,Quicken Loans Arena,Cleveland Cavaliers,Chicago Bulls,88 - 104
693,14,21/01/2019 14:00,Capital One Arena,Washington Wizards,Detroit Pistons,101 - 87
694,14,21/01/2019 14:00,Fiserv Forum,Milwaukee Bucks,Dallas Mavericks,116 - 106
695,14,21/01/2019 15:00,State Farm Arena,Atlanta Hawks,Orlando Magic,103 - 122
696,14,21/01/2019 15:30,Barclays Center,Brooklyn Nets,Sacramento Kings,123 - 94
697,14,21/01/2019 17:30,FedExForum,Memphis Grizzlies,New Orleans Pelicans,85 - 105
698,14,21/01/2019 18:00,TD Garden,Boston Celtics,Miami Heat,107 - 99
699,14,21/01/2019 20:00,Wells Fargo Center,Philadelphia 76ers,Houston Rockets,121 - 93
700,14,21/01/2019 21:00,Vivint Smart Home Arena,Utah Jazz,Portland Trail Blazers,104 - 109
701,14,21/01/2019 22:30,Staples Center,Los Angeles Lakers,Golden State Warriors,111 - 130
702,14,22/01/2019 19:00,Scotiabank Arena,Toronto Raptors,Sacramento Kings,120 - 105
703,14,22/01/2019 20:00,Chesapeake Energy Arena,Oklahoma City Thunder,Portland Trail Blazers,123 - 114
704,14,22/01/2019 20:30,American Airlines Center,Dallas Mavericks,LA Clippers,106 - 98
705,14,22/01/2019 21:00,Talking Stick Resort Arena,Phoenix Suns,Minnesota Timberwolves,91 - 118
706,14,23/01/2019 19:00,Bankers Life Fieldhouse,Indiana Pacers,Toronto Raptors,110 - 106
707,14,23/01/2019 19:30,TD Garden,Boston Celtics,Cleveland Cavaliers,123 - 103
708,14,23/01/2019 19:30,Barclays Center,Brooklyn Nets,Orlando Magic,114 - 110
709,14,23/01/2019 19:30,AmericanAirlines Arena,Miami Heat,LA Clippers,99 - 111
710,14,23/01/2019 19:30,Madison Square Garden,New York Knicks,Houston Rockets,110 - 114
711,14,23/01/2019 20:00,Wells Fargo Center,Philadelphia 76ers,San Antonio Spurs,122 - 120
712,14,23/01/2019 20:00,United Center,Chicago Bulls,Atlanta Hawks,101 - 121
713,14,23/01/2019 20:00,FedExForum,Memphis Grizzlies,Charlotte Hornets,107 - 118
714,14,23/01/2019 20:00,Smoothie King Center,New Orleans Pelicans,Detroit Pistons,94 - 98
715,14,23/01/2019 22:30,Vivint Smart Home Arena,Utah Jazz,Denver Nuggets,114 - 108
716,15,24/01/2019 20:00,Capital One Arena,Washington Wizards,Golden State Warriors,118 - 126
717,15,24/01/2019 20:00,Chesapeake Energy Arena,Oklahoma City Thunder,New Orleans Pelicans,122 - 116
718,15,24/01/2019 21:00,Talking Stick Resort Arena,Phoenix Suns,Portland Trail Blazers,106 - 120
719,15,24/01/2019 22:30,Staples Center,Los Angeles Lakers,Minnesota Timberwolves,105 - 120
720,15,25/01/2019 19:00,Amway Center,Orlando Magic,Washington Wizards,91 - 95
721,15,25/01/2019 19:30,Barclays Center,Brooklyn Nets,New York Knicks,109 - 99
722,15,25/01/2019 19:30,Quicken Loans Arena,Cleveland Cavaliers,Miami Heat,94 - 100
723,15,25/01/2019 20:00,United Center,Chicago Bulls,LA Clippers,101 - 106
724,15,25/01/2019 20:00,Toyota Center,Houston Rockets,Toronto Raptors,121 - 119
725,15,25/01/2019 20:00,FedExForum,Memphis Grizzlies,Sacramento Kings,96 - 99
726,15,25/01/2019 20:30,American Airlines Center,Dallas Mavericks,Detroit Pistons,106 - 101
727,15,25/01/2019 20:30,Fiserv Forum,Milwaukee Bucks,Charlotte Hornets,108 - 99
728,15,25/01/2019 21:00,Pepsi Center,Denver Nuggets,Phoenix Suns,132 - 95
729,15,25/01/2019 21:00,Vivint Smart Home Arena,Utah Jazz,Minnesota Timberwolves,106 - 102
730,15,26/01/2019 18:00,Smoothie King Center,New Orleans Pelicans,San Antonio Spurs,114 - 126
731,15,26/01/2019 20:00,FedExForum,Memphis Grizzlies,Indiana Pacers,106 - 103
732,15,26/01/2019 20:30,TD Garden,Boston Celtics,Golden State Warriors,111 - 115
733,15,26/01/2019 21:00,Pepsi Center,Denver Nuggets,Philadelphia 76ers,126 - 110
734,15,26/01/2019 22:00,Moda Center,Portland Trail Blazers,Atlanta Hawks,120 - 111
735,15,27/01/2019 15:30,United Center,Chicago Bulls,Cleveland Cavaliers,101 - 104
736,15,27/01/2019 15:30,Staples Center,LA Clippers,Sacramento Kings,122 - 108
737,15,27/01/2019 18:00,Chesapeake Energy Arena,Oklahoma City Thunder,Milwaukee Bucks,118 - 112
738,15,27/01/2019 19:00,Toyota Center,Houston Rockets,Orlando Magic,103 - 98
739,15,27/01/2019 19:00,American Airlines Center,Dallas Mavericks,Toronto Raptors,120 - 123
740,15,27/01/2019 19:00,Target Center,Minnesota Timberwolves,Utah Jazz,111 - 125
741,15,27/01/2019 19:00,AT+ACY-T Center,San Antonio Spurs,Washington Wizards,132 - 119
742,15,27/01/2019 19:30,Madison Square Garden,New York Knicks,Miami Heat,97 - 106
743,15,27/01/2019 21:30,Staples Center,Los Angeles Lakers,Phoenix Suns,116 - 102
744,15,28/01/2019 19:00,Spectrum Center,Charlotte Hornets,New York Knicks,101 - 92
745,15,28/01/2019 19:00,Bankers Life Fieldhouse,Indiana Pacers,Golden State Warriors,100 - 132
746,15,28/01/2019 19:30,TD Garden,Boston Celtics,Brooklyn Nets,112 - 104
747,15,28/01/2019 20:00,FedExForum,Memphis Grizzlies,Denver Nuggets,92 - 95
748,15,28/01/2019 22:30,Staples Center,LA Clippers,Atlanta Hawks,118 - 123
749,15,29/01/2019 19:00,Quicken Loans Arena,Cleveland Cavaliers,Washington Wizards,116 - 113
750,15,29/01/2019 19:00,Little Caesars Arena,Detroit Pistons,Milwaukee Bucks,105 - 115
751,15,29/01/2019 19:00,Amway Center,Orlando Magic,Oklahoma City Thunder,117 - 126
752,15,29/01/2019 19:30,Barclays Center,Brooklyn Nets,Chicago Bulls,122 - 117
753,15,29/01/2019 20:00,Toyota Center,Houston Rockets,New Orleans Pelicans,116 - 121
754,15,29/01/2019 20:30,AT+ACY-T Center,San Antonio Spurs,Phoenix Suns,126 - 124
755,15,29/01/2019 22:30,Staples Center,Los Angeles Lakers,Philadelphia 76ers,105 - 121
756,15,30/01/2019 19:30,TD Garden,Boston Celtics,Charlotte Hornets,126 - 94
757,15,30/01/2019 19:30,AmericanAirlines Arena,Miami Heat,Chicago Bulls,89 - 105
758,15,30/01/2019 19:30,Madison Square Garden,New York Knicks,Dallas Mavericks,90 - 114
759,15,30/01/2019 20:00,Capital One Arena,Washington Wizards,Indiana Pacers,107 - 89
760,15,30/01/2019 20:00,Target Center,Minnesota Timberwolves,Memphis Grizzlies,99 - 97
761,15,30/01/2019 20:00,Smoothie King Center,New Orleans Pelicans,Denver Nuggets,99 - 105
762,15,30/01/2019 22:00,Golden 1 Center,Sacramento Kings,Atlanta Hawks,135 - 113
763,15,30/01/2019 22:30,Moda Center,Portland Trail Blazers,Utah Jazz,132 - 105
764,16,31/01/2019 19:00,Little Caesars Arena,Detroit Pistons,Dallas Mavericks,93 - 89
765,16,31/01/2019 19:00,Amway Center,Orlando Magic,Indiana Pacers,107 - 100
766,16,31/01/2019 20:00,Scotiabank Arena,Toronto Raptors,Milwaukee Bucks,92 - 105
767,16,31/01/2019 20:30,AT+ACY-T Center,San Antonio Spurs,Brooklyn Nets,117 - 114
768,16,31/01/2019 22:30,ORACLE Arena,Golden State Warriors,Philadelphia 76ers,104 - 113
769,16,31/01/2019 22:30,Staples Center,LA Clippers,Los Angeles Lakers,120 - 123
770,16,01/02/2019 19:00,Spectrum Center,Charlotte Hornets,Memphis Grizzlies,100 - 92
771,16,01/02/2019 19:30,Madison Square Garden,New York Knicks,Boston Celtics,99 - 113
772,16,01/02/2019 20:00,AmericanAirlines Arena,Miami Heat,Oklahoma City Thunder,102 - 118
773,16,01/02/2019 21:00,Vivint Smart Home Arena,Utah Jazz,Atlanta Hawks,128 - 112
774,16,01/02/2019 22:00,Pepsi Center,Denver Nuggets,Houston Rockets,136 - 122
775,16,02/02/2019 17:00,Little Caesars Arena,Detroit Pistons,LA Clippers,101 - 111
776,16,02/02/2019 19:00,Spectrum Center,Charlotte Hornets,Chicago Bulls,125 - 118
777,16,02/02/2019 19:00,Amway Center,Orlando Magic,Brooklyn Nets,102 - 89
778,16,02/02/2019 19:00,Capital One Arena,Washington Wizards,Milwaukee Bucks,115 - 131
779,16,02/02/2019 19:30,Quicken Loans Arena,Cleveland Cavaliers,Dallas Mavericks,98 - 111
780,16,02/02/2019 19:30,AmericanAirlines Arena,Miami Heat,Indiana Pacers,88 - 95
781,16,02/02/2019 20:30,AT+ACY-T Center,San Antonio Spurs,New Orleans Pelicans,113 - 108
782,16,02/02/2019 20:30,ORACLE Arena,Golden State Warriors,Los Angeles Lakers,115 - 101
783,16,02/02/2019 21:00,Target Center,Minnesota Timberwolves,Denver Nuggets,106 - 107
784,16,02/02/2019 21:00,Talking Stick Resort Arena,Phoenix Suns,Atlanta Hawks,112 - 118
785,16,02/02/2019 21:00,Vivint Smart Home Arena,Utah Jazz,Houston Rockets,98 - 125
786,16,02/02/2019 22:00,Golden 1 Center,Sacramento Kings,Philadelphia 76ers,115 - 108
787,16,03/02/2019 13:00,Madison Square Garden,New York Knicks,Memphis Grizzlies,84 - 96
788,16,03/02/2019 14:00,TD Garden,Boston Celtics,Oklahoma City Thunder,134 - 129
789,16,03/02/2019 15:00,Scotiabank Arena,Toronto Raptors,LA Clippers,121 - 103
790,16,04/02/2019 19:00,Little Caesars Arena,Detroit Pistons,Denver Nuggets,129 - 103
791,16,04/02/2019 19:00,Capital One Arena,Washington Wizards,Atlanta Hawks,129 - 137
792,16,04/02/2019 19:30,Barclays Center,Brooklyn Nets,Milwaukee Bucks,94 - 113
793,16,04/02/2019 20:00,Smoothie King Center,New Orleans Pelicans,Indiana Pacers,107 - 109
794,16,04/02/2019 21:00,Talking Stick Resort Arena,Phoenix Suns,Houston Rockets,110 - 118
795,16,04/02/2019 22:00,Golden 1 Center,Sacramento Kings,San Antonio Spurs,127 - 112
796,16,05/02/2019 19:00,Spectrum Center,Charlotte Hornets,LA Clippers,115 - 117
797,16,05/02/2019 19:00,Quicken Loans Arena,Cleveland Cavaliers,Boston Celtics,96 - 103
798,16,05/02/2019 19:00,Bankers Life Fieldhouse,Indiana Pacers,Los Angeles Lakers,136 - 94
799,16,05/02/2019 19:30,Madison Square Garden,New York Knicks,Detroit Pistons,92 - 105
800,16,05/02/2019 20:00,Wells Fargo Center,Philadelphia 76ers,Toronto Raptors,107 - 119
801,16,05/02/2019 20:00,FedExForum,Memphis Grizzlies,Minnesota Timberwolves,108 - 106
802,16,05/02/2019 20:00,Chesapeake Energy Arena,Oklahoma City Thunder,Orlando Magic,132 - 122
803,16,05/02/2019 22:30,Moda Center,Portland Trail Blazers,Miami Heat,108 - 118
804,16,06/02/2019 19:30,Barclays Center,Brooklyn Nets,Denver Nuggets,135 - 130
805,16,06/02/2019 20:00,United Center,Chicago Bulls,New Orleans Pelicans,120 - 125
806,16,06/02/2019 20:00,Fiserv Forum,Milwaukee Bucks,Washington Wizards,148 - 129
807,16,06/02/2019 20:30,American Airlines Center,Dallas Mavericks,Charlotte Hornets,99 - 93
808,16,06/02/2019 21:00,Vivint Smart Home Arena,Utah Jazz,Phoenix Suns,116 - 88
809,16,06/02/2019 22:00,Golden 1 Center,Sacramento Kings,Houston Rockets,101 - 127
810,16,06/02/2019 22:30,ORACLE Arena,Golden State Warriors,San Antonio Spurs,141 - 102
811,17,07/02/2019 19:00,Bankers Life Fieldhouse,Indiana Pacers,LA Clippers,116 - 92
812,17,07/02/2019 19:00,Amway Center,Orlando Magic,Minnesota Timberwolves,122 - 112
813,17,07/02/2019 19:30,State Farm Arena,Atlanta Hawks,Toronto Raptors,101 - 119
814,17,07/02/2019 20:00,TD Garden,Boston Celtics,Los Angeles Lakers,128 - 129
815,17,07/02/2019 20:00,Chesapeake Energy Arena,Oklahoma City Thunder,Memphis Grizzlies,117 - 95
816,17,07/02/2019 22:30,Moda Center,Portland Trail Blazers,San Antonio Spurs,127 - 118
817,17,08/02/2019 19:00,Little Caesars Arena,Detroit Pistons,New York Knicks,120 - 103
818,17,08/02/2019 19:00,Wells Fargo Center,Philadelphia 76ers,Denver Nuggets,117 - 110
819,17,08/02/2019 19:00,Capital One Arena,Washington Wizards,Cleveland Cavaliers,119 - 106
820,17,08/02/2019 19:30,Barclays Center,Brooklyn Nets,Chicago Bulls,106 - 125
821,17,08/02/2019 20:30,American Airlines Center,Dallas Mavericks,Milwaukee Bucks,107 - 122
822,17,08/02/2019 21:00,Talking Stick Resort Arena,Phoenix Suns,Golden State Warriors,107 - 117
823,17,08/02/2019 21:30,Smoothie King Center,New Orleans Pelicans,Minnesota Timberwolves,122 - 117
824,17,08/02/2019 22:00,Golden 1 Center,Sacramento Kings,Miami Heat,102 - 96
825,17,09/02/2019 17:00,Vivint Smart Home Arena,Utah Jazz,San Antonio Spurs,125 - 105
826,17,09/02/2019 19:00,Bankers Life Fieldhouse,Indiana Pacers,Cleveland Cavaliers,105 - 90
827,17,09/02/2019 19:30,State Farm Arena,Atlanta Hawks,Charlotte Hornets,120 - 129
828,17,09/02/2019 19:30,Madison Square Garden,New York Knicks,Toronto Raptors,99 - 104
829,17,09/02/2019 20:00,TD Garden,Boston Celtics,LA Clippers,112 - 123
830,17,09/02/2019 20:00,United Center,Chicago Bulls,Washington Wizards,125 - 134
831,17,09/02/2019 20:00,FedExForum,Memphis Grizzlies,New Orleans Pelicans,99 - 90
832,17,09/02/2019 20:30,Toyota Center,Houston Rockets,Oklahoma City Thunder,112 - 117
833,17,09/02/2019 21:00,Fiserv Forum,Milwaukee Bucks,Orlando Magic,83 - 103
834,17,10/02/2019 15:00,American Airlines Center,Dallas Mavericks,Portland Trail Blazers,102 - 101
835,17,10/02/2019 15:30,Wells Fargo Center,Philadelphia 76ers,Los Angeles Lakers,143 - 120
836,17,10/02/2019 18:00,Golden 1 Center,Sacramento Kings,Phoenix Suns,117 - 104
837,17,10/02/2019 19:30,State Farm Arena,Atlanta Hawks,Orlando Magic,108 - 124
838,17,10/02/2019 20:30,ORACLE Arena,Golden State Warriors,Miami Heat,120 - 118
839,17,11/02/2019 19:00,Quicken Loans Arena,Cleveland Cavaliers,New York Knicks,107 - 104
840,17,11/02/2019 19:00,Little Caesars Arena,Detroit Pistons,Washington Wizards,121 - 112
841,17,11/02/2019 19:00,Bankers Life Fieldhouse,Indiana Pacers,Charlotte Hornets,99 - 90
842,17,11/02/2019 19:30,Scotiabank Arena,Toronto Raptors,Brooklyn Nets,127 - 125
843,17,11/02/2019 20:00,United Center,Chicago Bulls,Milwaukee Bucks,99 - 112
844,17,11/02/2019 20:00,Toyota Center,Houston Rockets,Dallas Mavericks,120 - 104
845,17,11/02/2019 20:00,Target Center,Minnesota Timberwolves,LA Clippers,130 - 120
846,17,11/02/2019 20:00,Chesapeake Energy Arena,Oklahoma City Thunder,Portland Trail Blazers,120 - 111
847,17,11/02/2019 21:00,Pepsi Center,Denver Nuggets,Miami Heat,103 - 87
848,17,12/02/2019 19:30,State Farm Arena,Atlanta Hawks,Los Angeles Lakers,117 - 113
849,17,12/02/2019 20:00,Wells Fargo Center,Philadelphia 76ers,Boston Celtics,109 - 112
850,17,12/02/2019 20:00,FedExForum,Memphis Grizzlies,San Antonio Spurs,107 - 108
851,17,12/02/2019 20:00,Smoothie King Center,New Orleans Pelicans,Orlando Magic,88 - 118
852,17,12/02/2019 22:30,ORACLE Arena,Golden State Warriors,Utah Jazz,115 - 108
853,17,13/02/2019 19:00,Quicken Loans Arena,Cleveland Cavaliers,Brooklyn Nets,139 - 148
854,17,13/02/2019 19:00,Bankers Life Fieldhouse,Indiana Pacers,Milwaukee Bucks,97 - 106
855,17,13/02/2019 19:30,TD Garden,Boston Celtics,Detroit Pistons,118 - 110
856,17,13/02/2019 19:30,Madison Square Garden,New York Knicks,Philadelphia 76ers,111 - 126
857,17,13/02/2019 19:30,Scotiabank Arena,Toronto Raptors,Washington Wizards,129 - 120
858,17,13/02/2019 20:00,United Center,Chicago Bulls,Memphis Grizzlies,122 - 110
861,17,13/02/2019 20:00,Target Center,Minnesota Timberwolves,Houston Rockets,121 - 111
859,17,13/02/2019 20:30,American Airlines Center,Dallas Mavericks,Miami Heat,101 - 112
860,17,13/02/2019 21:00,Pepsi Center,Denver Nuggets,Sacramento Kings,120 - 118
862,17,13/02/2019 22:30,Moda Center,Portland Trail Blazers,Golden State Warriors,129 - 107
863,17,13/02/2019 22:30,Staples Center,LA Clippers,Phoenix Suns,134 - 107
864,17,14/02/2019 19:00,Amway Center,Orlando Magic,Charlotte Hornets,127 - 89
865,17,14/02/2019 19:30,State Farm Arena,Atlanta Hawks,New York Knicks,91 - 106
866,17,14/02/2019 20:00,Smoothie King Center,New Orleans Pelicans,Oklahoma City Thunder,131 - 122
867,18,21/02/2019 19:00,Quicken Loans Arena,Cleveland Cavaliers,Phoenix Suns,111 - 98
868,18,21/02/2019 19:00,Wells Fargo Center,Philadelphia 76ers,Miami Heat,106 - 102
869,18,21/02/2019 19:30,Barclays Center,Brooklyn Nets,Portland Trail Blazers,99 - 113
870,18,21/02/2019 20:00,Fiserv Forum,Milwaukee Bucks,Boston Celtics,98 - 97
871,18,21/02/2019 22:30,ORACLE Arena,Golden State Warriors,Sacramento Kings,125 - 123
872,18,21/02/2019 22:30,Staples Center,Los Angeles Lakers,Houston Rockets,111 - 106
873,18,22/02/2019 19:00,Spectrum Center,Charlotte Hornets,Washington Wizards,123 - 110
874,18,22/02/2019 19:00,Bankers Life Fieldhouse,Indiana Pacers,New Orleans Pelicans,126 - 111
875,18,22/02/2019 19:00,Amway Center,Orlando Magic,Chicago Bulls,109 - 110
876,18,22/02/2019 19:00,Scotiabank Arena,Toronto Raptors,San Antonio Spurs,120 - 117
877,18,22/02/2019 19:30,State Farm Arena,Atlanta Hawks,Detroit Pistons,122 - 125
878,18,22/02/2019 19:30,Madison Square Garden,New York Knicks,Minnesota Timberwolves,104 - 115
879,18,22/02/2019 20:00,FedExForum,Memphis Grizzlies,LA Clippers,106 - 112
880,18,22/02/2019 20:30,American Airlines Center,Dallas Mavericks,Denver Nuggets,104 - 114
881,18,22/02/2019 21:30,Chesapeake Energy Arena,Oklahoma City Thunder,Utah Jazz,148 - 147
882,18,23/02/2019 13:00,Wells Fargo Center,Philadelphia 76ers,Portland Trail Blazers,115 - 130
883,18,23/02/2019 19:00,State Farm Arena,Atlanta Hawks,Phoenix Suns,120 - 112
884,18,23/02/2019 19:00,Spectrum Center,Charlotte Hornets,Brooklyn Nets,115 - 117
885,18,23/02/2019 19:00,Quicken Loans Arena,Cleveland Cavaliers,Memphis Grizzlies,112 - 107
886,18,23/02/2019 19:00,Capital One Arena,Washington Wizards,Indiana Pacers,112 - 119
887,18,23/02/2019 19:00,Smoothie King Center,New Orleans Pelicans,Los Angeles Lakers,128 - 115
888,18,23/02/2019 19:30,AmericanAirlines Arena,Miami Heat,Detroit Pistons,96 - 119
889,18,23/02/2019 20:00,United Center,Chicago Bulls,Boston Celtics,126 - 116
890,18,23/02/2019 20:00,Chesapeake Energy Arena,Oklahoma City Thunder,Sacramento Kings,116 - 119
891,18,23/02/2019 20:30,Fiserv Forum,Milwaukee Bucks,Minnesota Timberwolves,140 - 128
892,18,23/02/2019 20:30,ORACLE Arena,Golden State Warriors,Houston Rockets,112 - 118
893,18,23/02/2019 22:00,Vivint Smart Home Arena,Utah Jazz,Dallas Mavericks,125 - 109
894,18,24/02/2019 15:30,Scotiabank Arena,Toronto Raptors,Orlando Magic,98 - 113
895,18,24/02/2019 17:00,Pepsi Center,Denver Nuggets,LA Clippers,123 - 96
896,18,24/02/2019 19:30,Madison Square Garden,New York Knicks,San Antonio Spurs,130 - 118
897,18,25/02/2019 19:00,Spectrum Center,Charlotte Hornets,Golden State Warriors,110 - 121
898,18,25/02/2019 19:00,Quicken Loans Arena,Cleveland Cavaliers,Portland Trail Blazers,110 - 123
899,18,25/02/2019 19:00,Little Caesars Arena,Detroit Pistons,Indiana Pacers,113 - 109
900,18,25/02/2019 19:30,Barclays Center,Brooklyn Nets,San Antonio Spurs,101 - 85
901,18,25/02/2019 19:30,AmericanAirlines Arena,Miami Heat,Phoenix Suns,121 - 124
902,18,25/02/2019 20:00,United Center,Chicago Bulls,Milwaukee Bucks,106 - 117
903,18,25/02/2019 20:00,Toyota Center,Houston Rockets,Atlanta Hawks,119 - 111
904,18,25/02/2019 20:00,FedExForum,Memphis Grizzlies,Los Angeles Lakers,110 - 105
905,18,25/02/2019 20:00,Target Center,Minnesota Timberwolves,Sacramento Kings,112 - 105
906,18,25/02/2019 20:00,Smoothie King Center,New Orleans Pelicans,Philadelphia 76ers,110 - 111
907,18,25/02/2019 22:30,Staples Center,LA Clippers,Dallas Mavericks,121 - 112
908,18,26/02/2019 19:30,Madison Square Garden,New York Knicks,Orlando Magic,108 - 103
909,18,26/02/2019 20:00,Scotiabank Arena,Toronto Raptors,Boston Celtics,118 - 95
910,18,26/02/2019 22:30,Pepsi Center,Denver Nuggets,Oklahoma City Thunder,121 - 112
911,18,27/02/2019 19:00,Spectrum Center,Charlotte Hornets,Houston Rockets,113 - 118
912,18,27/02/2019 19:30,State Farm Arena,Atlanta Hawks,Minnesota Timberwolves,131 - 123
914,18,27/02/2019 19:30,Barclays Center,Brooklyn Nets,Washington Wizards,116 - 125
915,18,27/02/2019 19:30,AmericanAirlines Arena,Miami Heat,Golden State Warriors,126 - 125
913,18,27/02/2019 20:00,TD Garden,Boston Celtics,Portland Trail Blazers,92 - 97
916,18,27/02/2019 20:00,FedExForum,Memphis Grizzlies,Chicago Bulls,107 - 109
917,18,27/02/2019 20:30,AT+ACY-T Center,San Antonio Spurs,Detroit Pistons,105 - 93
918,18,27/02/2019 20:30,American Airlines Center,Dallas Mavericks,Indiana Pacers,110 - 101
919,18,27/02/2019 21:00,Vivint Smart Home Arena,Utah Jazz,LA Clippers,111 - 105
920,18,27/02/2019 22:00,Golden 1 Center,Sacramento Kings,Milwaukee Bucks,140 - 141
921,18,27/02/2019 22:30,Staples Center,Los Angeles Lakers,New Orleans Pelicans,125 - 119
922,19,28/02/2019 19:00,Bankers Life Fieldhouse,Indiana Pacers,Minnesota Timberwolves,122 - 115
923,19,28/02/2019 19:00,Amway Center,Orlando Magic,Golden State Warriors,103 - 96
924,19,28/02/2019 19:30,Madison Square Garden,New York Knicks,Cleveland Cavaliers,118 - 125
925,19,28/02/2019 20:00,Toyota Center,Houston Rockets,Miami Heat,121 - 118
927,19,28/02/2019 20:00,Chesapeake Energy Arena,Oklahoma City Thunder,Philadelphia 76ers,104 - 108
926,19,28/02/2019 22:30,Pepsi Center,Denver Nuggets,Utah Jazz,104 - 111
928,19,01/03/2019 19:30,State Farm Arena,Atlanta Hawks,Chicago Bulls,161 - 168
929,19,01/03/2019 19:30,Barclays Center,Brooklyn Nets,Charlotte Hornets,112 - 123
930,19,01/03/2019 20:00,Scotiabank Arena,Toronto Raptors,Portland Trail Blazers,119 - 117
931,19,01/03/2019 20:00,TD Garden,Boston Celtics,Washington Wizards,107 - 96
932,19,01/03/2019 21:00,Talking Stick Resort Arena,Phoenix Suns,New Orleans Pelicans,116 - 130
933,19,01/03/2019 22:00,Golden 1 Center,Sacramento Kings,LA Clippers,109 - 116
934,19,01/03/2019 22:30,Staples Center,Los Angeles Lakers,Milwaukee Bucks,120 - 131
935,19,02/03/2019 17:00,Quicken Loans Arena,Cleveland Cavaliers,Detroit Pistons,93 - 129
936,19,02/03/2019 19:00,Bankers Life Fieldhouse,Indiana Pacers,Orlando Magic,112 - 117
937,19,02/03/2019 19:30,AmericanAirlines Arena,Miami Heat,Brooklyn Nets,117 - 88
938,19,02/03/2019 20:30,Wells Fargo Center,Philadelphia 76ers,Golden State Warriors,117 - 120
939,19,02/03/2019 20:30,American Airlines Center,Dallas Mavericks,Memphis Grizzlies,81 - 111
940,19,02/03/2019 20:30,AT+ACY-T Center,San Antonio Spurs,Oklahoma City Thunder,116 - 102
941,19,02/03/2019 21:00,Pepsi Center,Denver Nuggets,New Orleans Pelicans,112 - 120
942,19,02/03/2019 21:00,Talking Stick Resort Arena,Phoenix Suns,Los Angeles Lakers,118 - 109
943,19,02/03/2019 21:00,Vivint Smart Home Arena,Utah Jazz,Milwaukee Bucks,115 - 111
944,19,03/03/2019 13:00,Spectrum Center,Charlotte Hornets,Portland Trail Blazers,108 - 118
945,19,03/03/2019 15:30,TD Garden,Boston Celtics,Houston Rockets,104 - 115
946,19,03/03/2019 15:30,United Center,Chicago Bulls,Atlanta Hawks,118 - 123
947,19,03/03/2019 15:30,Staples Center,LA Clippers,New York Knicks,128 - 107
948,19,03/03/2019 18:00,Quicken Loans Arena,Cleveland Cavaliers,Orlando Magic,107 - 93
949,19,03/03/2019 18:00,Little Caesars Arena,Detroit Pistons,Toronto Raptors,112 - 107
950,19,03/03/2019 18:00,Capital One Arena,Washington Wizards,Minnesota Timberwolves,135 - 121
951,19,03/03/2019 19:00,Chesapeake Energy Arena,Oklahoma City Thunder,Memphis Grizzlies,99 - 95
952,19,04/03/2019 19:30,Barclays Center,Brooklyn Nets,Dallas Mavericks,127 - 88
953,19,04/03/2019 19:30,AmericanAirlines Arena,Miami Heat,Atlanta Hawks,114 - 113
954,19,04/03/2019 20:30,AT+ACY-T Center,San Antonio Spurs,Denver Nuggets,104 - 103
955,19,04/03/2019 21:00,Talking Stick Resort Arena,Phoenix Suns,Milwaukee Bucks,114 - 105
956,19,04/03/2019 21:00,Vivint Smart Home Arena,Utah Jazz,New Orleans Pelicans,112 - 115
957,19,04/03/2019 22:00,Golden 1 Center,Sacramento Kings,New York Knicks,115 - 108
958,19,04/03/2019 22:30,Staples Center,Los Angeles Lakers,LA Clippers,105 - 113
959,19,05/03/2019 19:00,Bankers Life Fieldhouse,Indiana Pacers,Chicago Bulls,105 - 96
960,19,05/03/2019 19:00,Wells Fargo Center,Philadelphia 76ers,Orlando Magic,114 - 106
961,19,05/03/2019 20:00,Scotiabank Arena,Toronto Raptors,Houston Rockets,95 - 107
962,19,05/03/2019 20:00,FedExForum,Memphis Grizzlies,Portland Trail Blazers,120 - 111
963,19,05/03/2019 20:00,Target Center,Minnesota Timberwolves,Oklahoma City Thunder,131 - 120
964,19,05/03/2019 22:30,ORACLE Arena,Golden State Warriors,Boston Celtics,95 - 128
965,19,06/03/2019 19:00,Spectrum Center,Charlotte Hornets,Miami Heat,84 - 91
966,19,06/03/2019 19:00,Little Caesars Arena,Detroit Pistons,Minnesota Timberwolves,131 - 114
967,19,06/03/2019 19:00,Capital One Arena,Washington Wizards,Dallas Mavericks,132 - 123
968,19,06/03/2019 19:30,State Farm Arena,Atlanta Hawks,San Antonio Spurs,104 - 111
969,19,06/03/2019 19:30,Barclays Center,Brooklyn Nets,Cleveland Cavaliers,113 - 107
970,19,06/03/2019 20:00,United Center,Chicago Bulls,Philadelphia 76ers,108 - 107
971,19,06/03/2019 20:00,Smoothie King Center,New Orleans Pelicans,Utah Jazz,104 - 114
972,19,06/03/2019 21:00,Talking Stick Resort Arena,Phoenix Suns,New York Knicks,107 - 96
973,19,06/03/2019 22:00,Golden 1 Center,Sacramento Kings,Boston Celtics,109 - 111
974,19,06/03/2019 22:30,Staples Center,Los Angeles Lakers,Denver Nuggets,99 - 115
975,20,07/03/2019 20:00,Fiserv Forum,Milwaukee Bucks,Indiana Pacers,117 - 98
976,20,07/03/2019 22:30,Moda Center,Portland Trail Blazers,Oklahoma City Thunder,121 - 129
977,20,08/03/2019 19:00,Spectrum Center,Charlotte Hornets,Washington Wizards,112 - 111
978,20,08/03/2019 19:00,Amway Center,Orlando Magic,Dallas Mavericks,111 - 106
979,20,08/03/2019 20:00,AmericanAirlines Arena,Miami Heat,Cleveland Cavaliers,126 - 110
980,20,08/03/2019 20:00,United Center,Chicago Bulls,Detroit Pistons,104 - 112
981,20,08/03/2019 20:00,Toyota Center,Houston Rockets,Philadelphia 76ers,107 - 91
982,20,08/03/2019 20:00,FedExForum,Memphis Grizzlies,Utah Jazz,114 - 104
983,20,08/03/2019 20:00,Smoothie King Center,New Orleans Pelicans,Toronto Raptors,104 - 127
984,20,08/03/2019 22:30,ORACLE Arena,Golden State Warriors,Denver Nuggets,122 - 105
985,20,08/03/2019 22:30,Staples Center,LA Clippers,Oklahoma City Thunder,118 - 110
986,20,09/03/2019 12:00,Madison Square Garden,New York Knicks,Sacramento Kings,94 - 102
987,20,09/03/2019 19:00,State Farm Arena,Atlanta Hawks,Brooklyn Nets,112 - 114
988,20,09/03/2019 20:00,Target Center,Minnesota Timberwolves,Washington Wizards,135 - 130
989,20,09/03/2019 20:30,Staples Center,Los Angeles Lakers,Boston Celtics,107 - 120
990,20,09/03/2019 21:00,Fiserv Forum,Milwaukee Bucks,Charlotte Hornets,131 - 114
991,20,09/03/2019 22:00,Moda Center,Portland Trail Blazers,Phoenix Suns,127 - 120
992,20,10/03/2019 12:00,Little Caesars Arena,Detroit Pistons,Chicago Bulls,131 - 108
993,20,10/03/2019 15:30,AmericanAirlines Arena,Miami Heat,Toronto Raptors,104 - 125
994,20,10/03/2019 15:30,Wells Fargo Center,Philadelphia 76ers,Indiana Pacers,106 - 89
995,20,10/03/2019 18:00,State Farm Arena,Atlanta Hawks,New Orleans Pelicans,128 - 116
996,20,10/03/2019 18:00,FedExForum,Memphis Grizzlies,Orlando Magic,105 - 97
997,20,10/03/2019 19:00,American Airlines Center,Dallas Mavericks,Houston Rockets,93 - 94
998,20,10/03/2019 20:00,Target Center,Minnesota Timberwolves,New York Knicks,103 - 92
999,20,10/03/2019 20:00,AT+ACY-T Center,San Antonio Spurs,Milwaukee Bucks,121 - 114
1000,20,10/03/2019 20:30,ORACLE Arena,Golden State Warriors,Phoenix Suns,111 - 115
1001,20,11/03/2019 19:00,Quicken Loans Arena,Cleveland Cavaliers,Toronto Raptors,126 - 101
1002,20,11/03/2019 19:00,Capital One Arena,Washington Wizards,Sacramento Kings,121 - 115
1003,20,11/03/2019 19:30,Barclays Center,Brooklyn Nets,Detroit Pistons,103 - 75
1004,20,11/03/2019 20:00,Toyota Center,Houston Rockets,Charlotte Hornets,118 - 106
1005,20,11/03/2019 21:00,Vivint Smart Home Arena,Utah Jazz,Oklahoma City Thunder,89 - 98
1006,20,11/03/2019 22:30,Staples Center,LA Clippers,Boston Celtics,140 - 115
1007,20,12/03/2019 19:00,Bankers Life Fieldhouse,Indiana Pacers,New York Knicks,103 - 98
1008,20,12/03/2019 19:00,Wells Fargo Center,Philadelphia 76ers,Cleveland Cavaliers,106 - 99
1009,20,12/03/2019 20:00,United Center,Chicago Bulls,Los Angeles Lakers,107 - 123
1010,20,12/03/2019 20:00,Smoothie King Center,New Orleans Pelicans,Milwaukee Bucks,113 - 130
1011,20,12/03/2019 20:00,American Airlines Center,Dallas Mavericks,San Antonio Spurs,105 - 112
1012,20,12/03/2019 22:30,Pepsi Center,Denver Nuggets,Minnesota Timberwolves,133 - 107
1013,20,12/03/2019 22:30,Staples Center,LA Clippers,Portland Trail Blazers,104 - 125
1015,20,13/03/2019 19:00,Capital One Arena,Washington Wizards,Orlando Magic,100 - 90
1017,20,13/03/2019 19:00,Chesapeake Energy Arena,Oklahoma City Thunder,Brooklyn Nets,108 - 96
1014,20,13/03/2019 19:30,AmericanAirlines Arena,Miami Heat,Detroit Pistons,108 - 74
1016,20,13/03/2019 19:30,State Farm Arena,Atlanta Hawks,Memphis Grizzlies,132 - 111
1018,20,13/03/2019 21:30,Toyota Center,Houston Rockets,Golden State Warriors,104 - 106
1019,20,13/03/2019 22:00,Talking Stick Resort Arena,Phoenix Suns,Utah Jazz,97 - 114
1020,20,14/03/2019 19:00,Bankers Life Fieldhouse,Indiana Pacers,Oklahoma City Thunder,108 - 106
1021,20,14/03/2019 19:00,Amway Center,Orlando Magic,Cleveland Cavaliers,120 - 91
1022,20,14/03/2019 19:30,TD Garden,Boston Celtics,Sacramento Kings,126 - 120
1023,21,14/03/2019 20:00,Scotiabank Arena,Toronto Raptors,Los Angeles Lakers,111 - 98
1024,21,14/03/2019 21:00,Vivint Smart Home Arena,Utah Jazz,Minnesota Timberwolves,120 - 100
1025,21,14/03/2019 22:30,Pepsi Center,Denver Nuggets,Dallas Mavericks,100 - 99
1026,21,15/03/2019 19:00,Little Caesars Arena,Detroit Pistons,Los Angeles Lakers,111 - 97
1027,21,15/03/2019 19:00,Wells Fargo Center,Philadelphia 76ers,Sacramento Kings,123 - 114
1028,21,15/03/2019 19:00,Capital One Arena,Washington Wizards,Charlotte Hornets,110 - 116
1029,21,15/03/2019 20:00,AmericanAirlines Arena,Miami Heat,Milwaukee Bucks,98 - 113
1030,21,15/03/2019 20:00,Toyota Center,Houston Rockets,Phoenix Suns,108 - 102
1031,21,15/03/2019 20:00,Smoothie King Center,New Orleans Pelicans,Portland Trail Blazers,110 - 122
1032,21,15/03/2019 20:30,AT+ACY-T Center,San Antonio Spurs,New York Knicks,109 - 83
1033,21,15/03/2019 22:30,Staples Center,LA Clippers,Chicago Bulls,128 - 121
1034,21,16/03/2019 12:30,TD Garden,Boston Celtics,Atlanta Hawks,129 - 120
1035,21,16/03/2019 19:00,Capital One Arena,Washington Wizards,Memphis Grizzlies,135 - 128
1036,21,16/03/2019 19:00,Smoothie King Center,New Orleans Pelicans,Phoenix Suns,136 - 138
1037,21,16/03/2019 20:30,American Airlines Center,Dallas Mavericks,Cleveland Cavaliers,121 - 116
1038,21,16/03/2019 20:30,Chesapeake Energy Arena,Oklahoma City Thunder,Golden State Warriors,88 - 110
1039,21,16/03/2019 20:30,AT+ACY-T Center,San Antonio Spurs,Portland Trail Blazers,108 - 103
1040,21,16/03/2019 21:00,Pepsi Center,Denver Nuggets,Indiana Pacers,102 - 100
1041,21,16/03/2019 21:00,Vivint Smart Home Arena,Utah Jazz,Brooklyn Nets,114 - 98
1042,21,17/03/2019 12:00,Madison Square Garden,New York Knicks,Los Angeles Lakers,124 - 123
1043,21,17/03/2019 13:00,AmericanAirlines Arena,Miami Heat,Charlotte Hornets,93 - 75
1044,21,17/03/2019 15:30,Fiserv Forum,Milwaukee Bucks,Philadelphia 76ers,125 - 130
1045,21,17/03/2019 16:00,Little Caesars Arena,Detroit Pistons,Toronto Raptors,110 - 107
1046,21,17/03/2019 18:00,Amway Center,Orlando Magic,Atlanta Hawks,101 - 91
1047,21,17/03/2019 18:00,Golden 1 Center,Sacramento Kings,Chicago Bulls,129 - 102
1048,21,17/03/2019 21:00,Toyota Center,Houston Rockets,Minnesota Timberwolves,117 - 102
1049,21,17/03/2019 21:00,Staples Center,LA Clippers,Brooklyn Nets,119 - 116
1050,21,18/03/2019 19:00,Quicken Loans Arena,Cleveland Cavaliers,Detroit Pistons,126 - 119
1051,21,18/03/2019 19:00,Capital One Arena,Washington Wizards,Utah Jazz,95 - 116
1052,21,18/03/2019 19:30,TD Garden,Boston Celtics,Denver Nuggets,105 - 114
1053,21,18/03/2019 19:30,Scotiabank Arena,Toronto Raptors,New York Knicks,128 - 92
1054,21,18/03/2019 20:00,Chesapeake Energy Arena,Oklahoma City Thunder,Miami Heat,107 - 116
1055,21,18/03/2019 20:00,AT+ACY-T Center,San Antonio Spurs,Golden State Warriors,111 - 105
1056,21,18/03/2019 20:30,American Airlines Center,Dallas Mavericks,New Orleans Pelicans,125 - 129
1057,21,18/03/2019 22:00,Talking Stick Resort Arena,Phoenix Suns,Chicago Bulls,101 - 116
1058,21,18/03/2019 22:30,Moda Center,Portland Trail Blazers,Indiana Pacers,106 - 98
1059,21,19/03/2019 19:00,Spectrum Center,Charlotte Hornets,Philadelphia 76ers,114 - 118
1060,21,19/03/2019 19:30,State Farm Arena,Atlanta Hawks,Houston Rockets,105 - 121
1061,21,19/03/2019 20:00,Fiserv Forum,Milwaukee Bucks,Los Angeles Lakers,115 - 101
1062,21,19/03/2019 20:00,Target Center,Minnesota Timberwolves,Golden State Warriors,107 - 117
1063,21,19/03/2019 22:00,Golden 1 Center,Sacramento Kings,Brooklyn Nets,121 - 123
1064,21,19/03/2019 22:30,Staples Center,LA Clippers,Indiana Pacers,115 - 109
1065,21,20/03/2019 19:00,Quicken Loans Arena,Cleveland Cavaliers,Milwaukee Bucks,107 - 102
1066,21,20/03/2019 19:00,Amway Center,Orlando Magic,New Orleans Pelicans,119 - 96
1067,21,20/03/2019 19:00,Wells Fargo Center,Philadelphia 76ers,Boston Celtics,118 - 115
1068,21,20/03/2019 19:30,Madison Square Garden,New York Knicks,Utah Jazz,116 - 137
1069,21,20/03/2019 20:00,United Center,Chicago Bulls,Washington Wizards,126 - 120
1070,21,20/03/2019 20:00,FedExForum,Memphis Grizzlies,Houston Rockets,126 - 125
1071,21,20/03/2019 20:30,AT+ACY-T Center,San Antonio Spurs,Miami Heat,105 - 110
1072,21,20/03/2019 21:30,Chesapeake Energy Arena,Oklahoma City Thunder,Toronto Raptors,114 - 123
1073,21,20/03/2019 22:00,Moda Center,Portland Trail Blazers,Dallas Mavericks,126 - 118
1074,21,21/03/2019 19:00,Spectrum Center,Charlotte Hornets,Minnesota Timberwolves,113 - 106
1075,21,21/03/2019 19:00,Capital One Arena,Washington Wizards,Denver Nuggets,108 - 113
1076,21,21/03/2019 19:30,State Farm Arena,Atlanta Hawks,Utah Jazz,117 - 114
1077,22,21/03/2019 22:00,Talking Stick Resort Arena,Phoenix Suns,Detroit Pistons,98 - 118
1078,22,21/03/2019 22:00,Golden 1 Center,Sacramento Kings,Dallas Mavericks,116 - 100
1079,22,21/03/2019 22:30,ORACLE Arena,Golden State Warriors,Indiana Pacers,112 - 89
1080,22,22/03/2019 19:00,Amway Center,Orlando Magic,Memphis Grizzlies,123 - 119
1081,22,22/03/2019 19:30,Quicken Loans Arena,Cleveland Cavaliers,LA Clippers,108 - 110
1082,22,22/03/2019 19:30,Madison Square Garden,New York Knicks,Denver Nuggets,93 - 111
1083,22,22/03/2019 19:30,Scotiabank Arena,Toronto Raptors,Oklahoma City Thunder,109 - 116
1084,22,22/03/2019 20:00,Toyota Center,Houston Rockets,San Antonio Spurs,111 - 105
1085,22,22/03/2019 20:30,Fiserv Forum,Milwaukee Bucks,Miami Heat,116 - 87
1086,22,22/03/2019 22:30,Staples Center,Los Angeles Lakers,Brooklyn Nets,106 - 111
1087,22,23/03/2019 18:00,Spectrum Center,Charlotte Hornets,Boston Celtics,124 - 117
1088,22,23/03/2019 19:00,Capital One Arena,Washington Wizards,Miami Heat,108 - 113
1089,22,23/03/2019 19:30,State Farm Arena,Atlanta Hawks,Philadelphia 76ers,129 - 127
1090,22,23/03/2019 20:00,United Center,Chicago Bulls,Utah Jazz,83 - 114
1091,22,23/03/2019 20:00,FedExForum,Memphis Grizzlies,Minnesota Timberwolves,99 - 112
1092,22,23/03/2019 20:30,ORACLE Arena,Golden State Warriors,Dallas Mavericks,91 - 126
1093,22,23/03/2019 22:00,Moda Center,Portland Trail Blazers,Detroit Pistons,117 - 112
1094,22,23/03/2019 22:00,Golden 1 Center,Sacramento Kings,Phoenix Suns,112 - 103
1095,22,24/03/2019 12:00,Madison Square Garden,New York Knicks,LA Clippers,113 - 124
1096,22,24/03/2019 16:30,Fiserv Forum,Milwaukee Bucks,Cleveland Cavaliers,127 - 105
1097,22,24/03/2019 17:00,Bankers Life Fieldhouse,Indiana Pacers,Denver Nuggets,124 - 88
1098,22,24/03/2019 18:00,Scotiabank Arena,Toronto Raptors,Charlotte Hornets,114 - 115
1099,22,24/03/2019 19:00,Smoothie King Center,New Orleans Pelicans,Houston Rockets,90 - 113
1100,22,24/03/2019 19:30,TD Garden,Boston Celtics,San Antonio Spurs,96 - 115
1101,22,24/03/2019 20:30,ORACLE Arena,Golden State Warriors,Detroit Pistons,121 - 114
1102,22,24/03/2019 21:30,Staples Center,Los Angeles Lakers,Sacramento Kings,111 - 106
1103,22,25/03/2019 19:00,Amway Center,Orlando Magic,Philadelphia 76ers,119 - 98
1104,22,25/03/2019 20:00,FedExForum,Memphis Grizzlies,Oklahoma City Thunder,115 - 103
1105,22,25/03/2019 21:00,Vivint Smart Home Arena,Utah Jazz,Phoenix Suns,125 - 92
1106,22,25/03/2019 22:00,Moda Center,Portland Trail Blazers,Brooklyn Nets,148 - 144
1107,22,26/03/2019 19:00,Spectrum Center,Charlotte Hornets,San Antonio Spurs,125 - 116
1108,22,26/03/2019 19:00,Quicken Loans Arena,Cleveland Cavaliers,Boston Celtics,106 - 116
1109,22,26/03/2019 19:30,AmericanAirlines Arena,Miami Heat,Orlando Magic,99 - 104
1110,22,26/03/2019 19:30,Scotiabank Arena,Toronto Raptors,Chicago Bulls,112 - 103
1111,22,26/03/2019 20:00,Fiserv Forum,Milwaukee Bucks,Houston Rockets,108 - 94
1112,22,26/03/2019 20:00,Target Center,Minnesota Timberwolves,LA Clippers,111 - 122
1113,22,26/03/2019 20:00,Smoothie King Center,New Orleans Pelicans,Atlanta Hawks,120 - 130
1114,22,26/03/2019 20:30,American Airlines Center,Dallas Mavericks,Sacramento Kings,121 - 125
1115,22,26/03/2019 21:00,Pepsi Center,Denver Nuggets,Detroit Pistons,95 - 92
1116,22,26/03/2019 22:30,Staples Center,Los Angeles Lakers,Washington Wizards,124 - 106
1117,22,27/03/2019 20:00,United Center,Chicago Bulls,Portland Trail Blazers,98 - 118
1118,22,27/03/2019 20:00,FedExForum,Memphis Grizzlies,Golden State Warriors,103 - 118
1119,22,27/03/2019 20:00,Chesapeake Energy Arena,Oklahoma City Thunder,Indiana Pacers,107 - 99
1120,22,27/03/2019 22:00,Talking Stick Resort Arena,Phoenix Suns,Washington Wizards,121 - 124
1121,22,27/03/2019 22:30,Vivint Smart Home Arena,Utah Jazz,Los Angeles Lakers,115 - 100
1122,22,28/03/2019 19:00,Little Caesars Arena,Detroit Pistons,Orlando Magic,115 - 98
1123,22,28/03/2019 19:00,Wells Fargo Center,Philadelphia 76ers,Brooklyn Nets,123 - 110
1124,22,28/03/2019 19:30,AmericanAirlines Arena,Miami Heat,Dallas Mavericks,105 - 99
1125,22,28/03/2019 19:30,Madison Square Garden,New York Knicks,Toronto Raptors,92 - 117
1126,23,28/03/2019 20:00,Toyota Center,Houston Rockets,Denver Nuggets,112 - 85
1127,23,28/03/2019 20:00,Fiserv Forum,Milwaukee Bucks,LA Clippers,128 - 118
1128,23,28/03/2019 20:00,Smoothie King Center,New Orleans Pelicans,Sacramento Kings,121 - 118
1129,23,28/03/2019 20:30,AT+ACY-T Center,San Antonio Spurs,Cleveland Cavaliers,116 - 110
1130,23,29/03/2019 19:00,TD Garden,Boston Celtics,Indiana Pacers,114 - 112
1131,23,29/03/2019 19:30,State Farm Arena,Atlanta Hawks,Portland Trail Blazers,98 - 118
1132,23,29/03/2019 20:00,Target Center,Minnesota Timberwolves,Golden State Warriors,131 - 130
1133,23,29/03/2019 20:00,Chesapeake Energy Arena,Oklahoma City Thunder,Denver Nuggets,105 - 115
1134,23,29/03/2019 21:00,Vivint Smart Home Arena,Utah Jazz,Washington Wizards,128 - 124
1135,23,29/03/2019 22:30,Staples Center,Los Angeles Lakers,Charlotte Hornets,129 - 115
1136,23,30/03/2019 15:30,Staples Center,LA Clippers,Cleveland Cavaliers,132 - 108
1137,23,30/03/2019 18:00,Barclays Center,Brooklyn Nets,Boston Celtics,110 - 96
1138,23,30/03/2019 18:00,Toyota Center,Houston Rockets,Sacramento Kings,119 - 108
1139,23,30/03/2019 19:00,Little Caesars Arena,Detroit Pistons,Portland Trail Blazers,99 - 90
1140,23,30/03/2019 19:00,Bankers Life Fieldhouse,Indiana Pacers,Orlando Magic,116 - 121
1141,23,30/03/2019 19:30,Madison Square Garden,New York Knicks,Miami Heat,92 - 100
1142,23,30/03/2019 20:00,United Center,Chicago Bulls,Toronto Raptors,101 - 124
1143,23,30/03/2019 20:00,Target Center,Minnesota Timberwolves,Philadelphia 76ers,109 - 118
1144,23,30/03/2019 22:00,Talking Stick Resort Arena,Phoenix Suns,Memphis Grizzlies,115 - 120
1145,23,31/03/2019 12:30,State Farm Arena,Atlanta Hawks,Milwaukee Bucks,136 - 135
1146,23,31/03/2019 15:30,Chesapeake Energy Arena,Oklahoma City Thunder,Dallas Mavericks,103 - 106
1147,23,31/03/2019 18:00,Smoothie King Center,New Orleans Pelicans,Los Angeles Lakers,102 - 130
1148,23,31/03/2019 19:00,AT+ACY-T Center,San Antonio Spurs,Sacramento Kings,106 - 113
1149,23,31/03/2019 20:00,Pepsi Center,Denver Nuggets,Washington Wizards,90 - 95
1150,23,31/03/2019 20:30,ORACLE Arena,Golden State Warriors,Charlotte Hornets,137 - 90
1151,23,31/03/2019 22:30,Staples Center,LA Clippers,Memphis Grizzlies,113 - 96
1152,23,01/04/2019 19:00,Bankers Life Fieldhouse,Indiana Pacers,Detroit Pistons,111 - 102
1153,23,01/04/2019 19:30,TD Garden,Boston Celtics,Miami Heat,110 - 105
1154,23,01/04/2019 19:30,Barclays Center,Brooklyn Nets,Milwaukee Bucks,121 - 131
1155,23,01/04/2019 19:30,Madison Square Garden,New York Knicks,Chicago Bulls,113 - 105
1156,23,01/04/2019 19:30,Scotiabank Arena,Toronto Raptors,Orlando Magic,121 - 109
1157,23,01/04/2019 20:00,Target Center,Minnesota Timberwolves,Portland Trail Blazers,122 - 132
1158,23,01/04/2019 20:30,American Airlines Center,Dallas Mavericks,Philadelphia 76ers,122 - 102
1159,23,01/04/2019 21:00,Vivint Smart Home Arena,Utah Jazz,Charlotte Hornets,111 - 102
1160,23,01/04/2019 22:00,Talking Stick Resort Arena,Phoenix Suns,Cleveland Cavaliers,122 - 113
1161,23,02/04/2019 20:00,Chesapeake Energy Arena,Oklahoma City Thunder,Los Angeles Lakers,119 - 103
1162,23,02/04/2019 20:30,AT+ACY-T Center,San Antonio Spurs,Atlanta Hawks,117 - 111
1163,23,02/04/2019 22:00,Golden 1 Center,Sacramento Kings,Houston Rockets,105 - 130
1164,23,02/04/2019 22:30,ORACLE Arena,Golden State Warriors,Denver Nuggets,116 - 102
1165,23,03/04/2019 19:00,Little Caesars Arena,Detroit Pistons,Indiana Pacers,89 - 108
1166,23,03/04/2019 19:00,Amway Center,Orlando Magic,New York Knicks,114 - 100
1167,23,03/04/2019 19:00,Capital One Arena,Washington Wizards,Chicago Bulls,114 - 115
1168,23,03/04/2019 19:30,State Farm Arena,Atlanta Hawks,Philadelphia 76ers,130 - 122
1169,23,03/04/2019 19:30,Barclays Center,Brooklyn Nets,Toronto Raptors,105 - 115
1170,23,03/04/2019 19:30,AmericanAirlines Arena,Miami Heat,Boston Celtics,102 - 112
1171,23,03/04/2019 20:00,Smoothie King Center,New Orleans Pelicans,Charlotte Hornets,109 - 115
1172,23,03/04/2019 20:30,American Airlines Center,Dallas Mavericks,Minnesota Timberwolves,108 - 110
1173,23,03/04/2019 21:00,Pepsi Center,Denver Nuggets,San Antonio Spurs,113 - 85
1174,23,03/04/2019 22:00,Talking Stick Resort Arena,Phoenix Suns,Utah Jazz,97 - 118
1175,23,03/04/2019 22:00,Moda Center,Portland Trail Blazers,Memphis Grizzlies,116 - 89
1176,23,03/04/2019 22:30,Staples Center,LA Clippers,Houston Rockets,103 - 135
1177,24,04/04/2019 20:00,Wells Fargo Center,Philadelphia 76ers,Milwaukee Bucks,122 - 128
1178,24,04/04/2019 22:00,Golden 1 Center,Sacramento Kings,Cleveland Cavaliers,117 - 104
1179,24,04/04/2019 22:30,Staples Center,Los Angeles Lakers,Golden State Warriors,90 - 108
1180,24,05/04/2019 19:00,Spectrum Center,Charlotte Hornets,Toronto Raptors,113 - 111
1181,24,05/04/2019 19:00,Amway Center,Orlando Magic,Atlanta Hawks,149 - 113
1182,24,05/04/2019 19:00,Capital One Arena,Washington Wizards,San Antonio Spurs,112 - 129
1183,24,05/04/2019 20:00,Bankers Life Fieldhouse,Indiana Pacers,Boston Celtics,97 - 117
1184,24,05/04/2019 20:00,Toyota Center,Houston Rockets,New York Knicks,120 - 96
1185,24,05/04/2019 20:00,Target Center,Minnesota Timberwolves,Miami Heat,111 - 109
1186,24,05/04/2019 20:00,Chesapeake Energy Arena,Oklahoma City Thunder,Detroit Pistons,123 - 110
1187,24,05/04/2019 20:30,American Airlines Center,Dallas Mavericks,Memphis Grizzlies,112 - 122
1188,24,05/04/2019 21:00,Vivint Smart Home Arena,Utah Jazz,Sacramento Kings,119 - 98
1189,24,05/04/2019 22:00,Talking Stick Resort Arena,Phoenix Suns,New Orleans Pelicans,133 - 126
1190,24,05/04/2019 22:30,Pepsi Center,Denver Nuggets,Portland Trail Blazers,119 - 110
1191,24,05/04/2019 22:30,ORACLE Arena,Golden State Warriors,Cleveland Cavaliers,120 - 114
1192,24,05/04/2019 22:30,Staples Center,LA Clippers,Los Angeles Lakers,117 - 122
1193,24,06/04/2019 17:00,Fiserv Forum,Milwaukee Bucks,Brooklyn Nets,128 - 133
1194,24,06/04/2019 20:00,United Center,Chicago Bulls,Philadelphia 76ers,96 - 116
1195,24,07/04/2019 12:00,Scotiabank Arena,Toronto Raptors,Miami Heat,117 - 109
1196,24,07/04/2019 15:00,Quicken Loans Arena,Cleveland Cavaliers,San Antonio Spurs,90 - 112
1197,24,07/04/2019 15:30,Target Center,Minnesota Timberwolves,Oklahoma City Thunder,126 - 132
1198,24,07/04/2019 16:00,Little Caesars Arena,Detroit Pistons,Charlotte Hornets,91 - 104
1199,24,07/04/2019 17:00,Bankers Life Fieldhouse,Indiana Pacers,Brooklyn Nets,96 - 108
1200,24,07/04/2019 18:00,FedExForum,Memphis Grizzlies,Dallas Mavericks,127 - 129
1201,24,07/04/2019 19:00,Fiserv Forum,Milwaukee Bucks,Atlanta Hawks,115 - 107
1204,24,07/04/2019 19:00,Toyota Center,Houston Rockets,Phoenix Suns,149 - 113
1202,24,07/04/2019 19:30,TD Garden,Boston Celtics,Orlando Magic,108 - 116
1203,24,07/04/2019 19:30,Madison Square Garden,New York Knicks,Washington Wizards,113 - 110
1205,24,07/04/2019 20:30,ORACLE Arena,Golden State Warriors,LA Clippers,131 - 104
1206,24,07/04/2019 21:00,Moda Center,Portland Trail Blazers,Denver Nuggets,115 - 108
1207,24,07/04/2019 21:00,Golden 1 Center,Sacramento Kings,New Orleans Pelicans,129 - 133
1208,24,07/04/2019 21:30,Staples Center,Los Angeles Lakers,Utah Jazz,113 - 109
1209,24,09/04/2019 19:00,Quicken Loans Arena,Cleveland Cavaliers,Charlotte Hornets,97 - 124
1210,24,09/04/2019 19:00,Little Caesars Arena,Detroit Pistons,Memphis Grizzlies,100 - 93
1211,24,09/04/2019 19:00,Capital One Arena,Washington Wizards,Boston Celtics,110 - 116
1212,24,09/04/2019 19:30,AmericanAirlines Arena,Miami Heat,Philadelphia 76ers,122 - 99
1213,24,09/04/2019 20:00,United Center,Chicago Bulls,New York Knicks,86 - 96
1214,24,09/04/2019 20:00,Target Center,Minnesota Timberwolves,Toronto Raptors,100 - 120
1215,24,09/04/2019 20:00,Smoothie King Center,New Orleans Pelicans,Golden State Warriors,103 - 112
1216,24,09/04/2019 20:30,American Airlines Center,Dallas Mavericks,Phoenix Suns,120 - 109
1217,24,09/04/2019 21:00,Vivint Smart Home Arena,Utah Jazz,Denver Nuggets,118 - 108
1218,24,09/04/2019 21:30,Chesapeake Energy Arena,Oklahoma City Thunder,Houston Rockets,112 - 111
1219,24,09/04/2019 22:30,Staples Center,Los Angeles Lakers,Portland Trail Blazers,101 - 104
1220,24,10/04/2019 20:00,State Farm Arena,Atlanta Hawks,Indiana Pacers,134 - 135
1221,24,10/04/2019 20:00,Barclays Center,Brooklyn Nets,Miami Heat,113 - 94
1222,24,10/04/2019 20:00,Spectrum Center,Charlotte Hornets,Orlando Magic,114 - 122
1223,24,10/04/2019 20:00,Madison Square Garden,New York Knicks,Detroit Pistons,89 - 115
1224,24,10/04/2019 20:00,Wells Fargo Center,Philadelphia 76ers,Chicago Bulls,125 - 109
1225,24,10/04/2019 20:00,FedExForum,Memphis Grizzlies,Golden State Warriors,132 - 117
1226,24,10/04/2019 20:00,Fiserv Forum,Milwaukee Bucks,Oklahoma City Thunder,116 - 127
1227,24,10/04/2019 20:00,AT+ACY-T Center,San Antonio Spurs,Dallas Mavericks,105 - 94
1228,24,10/04/2019 22:30,Pepsi Center,Denver Nuggets,Minnesota Timberwolves,99 - 95
1229,24,10/04/2019 22:30,Staples Center,LA Clippers,Utah Jazz,143 - 137
1230,24,10/04/2019 22:30,Moda Center,Portland Trail Blazers,Sacramento Kings,136 - 131
